-- phpMyAdmin SQL Dump
-- version 4.0.4.1
-- http://www.phpmyadmin.net
--
-- Inang: 127.0.0.1
-- Waktu pembuatan: 15 Des 2014 pada 09.40
-- Versi Server: 5.5.32
-- Versi PHP: 5.4.19

SET SQL_MODE = "NO_AUTO_VALUE_ON_ZERO";
SET time_zone = "+00:00";


/*!40101 SET @OLD_CHARACTER_SET_CLIENT=@@CHARACTER_SET_CLIENT */;
/*!40101 SET @OLD_CHARACTER_SET_RESULTS=@@CHARACTER_SET_RESULTS */;
/*!40101 SET @OLD_COLLATION_CONNECTION=@@COLLATION_CONNECTION */;
/*!40101 SET NAMES utf8 */;

--
-- Basis data: `emeeting`
--
CREATE DATABASE IF NOT EXISTS `emeeting` DEFAULT CHARACTER SET latin1 COLLATE latin1_swedish_ci;
USE `emeeting`;

-- --------------------------------------------------------

--
-- Struktur dari tabel `activity`
--

CREATE TABLE IF NOT EXISTS `activity` (
  `id_aktifitas` int(11) NOT NULL AUTO_INCREMENT,
  `username` varchar(100) NOT NULL,
  `diterima` varchar(100) NOT NULL,
  `jenis_aktifitas` int(11) NOT NULL,
  `aktifitas` varchar(200) NOT NULL,
  `waktu` datetime NOT NULL,
  `dibaca` varchar(1) NOT NULL DEFAULT 'N',
  PRIMARY KEY (`id_aktifitas`)
) ENGINE=InnoDB  DEFAULT CHARSET=latin1 AUTO_INCREMENT=805 ;

--
-- Dumping data untuk tabel `activity`
--

INSERT INTO `activity` (`id_aktifitas`, `username`, `diterima`, `jenis_aktifitas`, `aktifitas`, `waktu`, `dibaca`) VALUES
(92, 'febriyant', 'febriyant', 3, '38', '2014-12-12 16:26:29', 'Y'),
(93, 'febriyant', 'aryadi.prasetyo', 3, '38', '2014-12-12 16:26:29', 'Y'),
(94, 'febriyant', 'eka.siti', 3, '38', '2014-12-12 16:26:29', 'N'),
(95, 'febriyant', 'iwayan.saputra', 3, '38', '2014-12-12 16:26:29', 'Y'),
(96, 'febriyant', 'agus.susanto', 3, '38', '2014-12-12 16:26:29', 'N'),
(97, 'febriyant', 'anna.pratitiek', 3, '38', '2014-12-12 16:26:29', 'Y'),
(98, 'febriyant', 'arif.yusrian', 3, '38', '2014-12-12 16:26:29', 'Y'),
(99, 'febriyant', 'dian.nopita', 3, '38', '2014-12-12 16:26:29', 'N'),
(100, 'febriyant', 'agus.wicaksono', 3, '38', '2014-12-12 16:26:29', 'N'),
(101, 'febriyant', 'iin.septianasri', 3, '38', '2014-12-12 16:26:29', 'Y'),
(102, 'febriyant', 'mayangsari.agustina', 3, '38', '2014-12-12 16:26:29', 'Y'),
(103, 'febriyant', 'mertiana.andriani', 3, '38', '2014-12-12 16:26:29', 'Y'),
(104, 'febriyant', 'muklis.suryadi', 3, '38', '2014-12-12 16:26:29', 'N'),
(105, 'febriyant', 'nurul.hafizi', 3, '38', '2014-12-12 16:26:29', 'Y'),
(106, 'febriyant', 'risdiansyah', 3, '38', '2014-12-12 16:26:29', 'Y'),
(107, 'febriyant', 'rusyda', 3, '38', '2014-12-12 16:26:29', 'Y'),
(108, 'febriyant', 'siti.maryana', 3, '38', '2014-12-12 16:26:29', 'N'),
(109, 'febriyant', 'sopuan', 3, '38', '2014-12-12 16:26:29', 'N'),
(110, 'febriyant', 'suryanto', 3, '38', '2014-12-12 16:26:29', 'N'),
(111, 'febriyant', 'uka', 3, '38', '2014-12-12 16:26:29', 'Y'),
(112, 'febriyant', 'firman.aryadi', 3, '38', '2014-12-12 16:26:29', 'N'),
(113, 'febriyant', 'ardi.iswanto', 3, '38', '2014-12-12 16:26:29', 'N'),
(114, 'febriyant', 'herman.kurniawan', 3, '38', '2014-12-12 16:26:29', 'Y'),
(123, 'febriyant', 'febriyant', 3, '39', '2014-12-12 16:51:55', 'Y'),
(124, 'febriyant', 'aryadi.prasetyo', 3, '39', '2014-12-12 16:51:55', 'Y'),
(125, 'febriyant', 'eka.siti', 3, '39', '2014-12-12 16:51:55', 'N'),
(126, 'febriyant', 'iwayan.saputra', 3, '39', '2014-12-12 16:51:55', 'Y'),
(127, 'febriyant', 'agus.susanto', 3, '39', '2014-12-12 16:51:55', 'N'),
(128, 'febriyant', 'anna.pratitiek', 3, '39', '2014-12-12 16:51:55', 'N'),
(129, 'febriyant', 'arif.yusrian', 3, '39', '2014-12-12 16:51:55', 'Y'),
(130, 'febriyant', 'dian.nopita', 3, '39', '2014-12-12 16:51:55', 'N'),
(131, 'febriyant', 'agus.wicaksono', 3, '39', '2014-12-12 16:51:55', 'N'),
(132, 'febriyant', 'iin.septianasri', 3, '39', '2014-12-12 16:51:55', 'Y'),
(133, 'febriyant', 'mayangsari.agustina', 3, '39', '2014-12-12 16:51:55', 'Y'),
(134, 'febriyant', 'mertiana.andriani', 3, '39', '2014-12-12 16:51:55', 'Y'),
(135, 'febriyant', 'muklis.suryadi', 3, '39', '2014-12-12 16:51:55', 'N'),
(136, 'febriyant', 'nurul.hafizi', 3, '39', '2014-12-12 16:51:55', 'Y'),
(137, 'febriyant', 'risdiansyah', 3, '39', '2014-12-12 16:51:55', 'N'),
(138, 'febriyant', 'rusyda', 3, '39', '2014-12-12 16:51:55', 'Y'),
(139, 'febriyant', 'siti.maryana', 3, '39', '2014-12-12 16:51:55', 'N'),
(140, 'febriyant', 'sopuan', 3, '39', '2014-12-12 16:51:55', 'N'),
(141, 'febriyant', 'suryanto', 3, '39', '2014-12-12 16:51:55', 'N'),
(142, 'febriyant', 'uka', 3, '39', '2014-12-12 16:51:55', 'N'),
(143, 'febriyant', 'firman.aryadi', 3, '39', '2014-12-12 16:51:55', 'Y'),
(144, 'febriyant', 'ardi.iswanto', 3, '39', '2014-12-12 16:51:55', 'N'),
(145, 'febriyant', 'herman.kurniawan', 3, '39', '2014-12-12 16:51:55', 'Y'),
(154, 'suryanto', 'febriyant', 3, '21', '2014-12-13 13:33:08', 'Y'),
(155, 'suryanto', 'aryadi.prasetyo', 3, '21', '2014-12-13 13:33:08', 'Y'),
(156, 'suryanto', 'eka.siti', 3, '21', '2014-12-13 13:33:08', 'N'),
(157, 'suryanto', 'iwayan.saputra', 3, '21', '2014-12-13 13:33:08', 'Y'),
(158, 'suryanto', 'agus.susanto', 3, '21', '2014-12-13 13:33:08', 'N'),
(159, 'suryanto', 'anna.pratitiek', 3, '21', '2014-12-13 13:33:08', 'Y'),
(160, 'suryanto', 'arif.yusrian', 3, '21', '2014-12-13 13:33:08', 'N'),
(161, 'suryanto', 'dian.nopita', 3, '21', '2014-12-13 13:33:08', 'N'),
(162, 'suryanto', 'agus.wicaksono', 3, '21', '2014-12-13 13:33:08', 'Y'),
(163, 'suryanto', 'iin.septianasri', 3, '21', '2014-12-13 13:33:08', 'Y'),
(164, 'suryanto', 'mayangsari.agustina', 3, '21', '2014-12-13 13:33:08', 'Y'),
(165, 'suryanto', 'mertiana.andriani', 3, '21', '2014-12-13 13:33:08', 'Y'),
(166, 'suryanto', 'muklis.suryadi', 3, '21', '2014-12-13 13:33:08', 'N'),
(167, 'suryanto', 'nurul.hafizi', 3, '21', '2014-12-13 13:33:08', 'Y'),
(168, 'suryanto', 'risdiansyah', 3, '21', '2014-12-13 13:33:08', 'N'),
(169, 'suryanto', 'rusyda', 3, '21', '2014-12-13 13:33:08', 'Y'),
(170, 'suryanto', 'siti.maryana', 3, '21', '2014-12-13 13:33:08', 'N'),
(171, 'suryanto', 'sopuan', 3, '21', '2014-12-13 13:33:08', 'N'),
(172, 'suryanto', 'suryanto', 3, '21', '2014-12-13 13:33:08', 'Y'),
(173, 'suryanto', 'uka', 3, '21', '2014-12-13 13:33:08', 'Y'),
(174, 'suryanto', 'firman.aryadi', 3, '21', '2014-12-13 13:33:08', 'N'),
(175, 'suryanto', 'ardi.iswanto', 3, '21', '2014-12-13 13:33:08', 'N'),
(176, 'suryanto', 'herman.kurniawan', 3, '21', '2014-12-13 13:33:08', 'N'),
(185, 'aryadi.prasetyo', 'febriyant', 3, '21', '2014-12-13 17:04:12', 'Y'),
(186, 'aryadi.prasetyo', 'aryadi.prasetyo', 3, '21', '2014-12-13 17:04:12', 'Y'),
(187, 'aryadi.prasetyo', 'eka.siti', 3, '21', '2014-12-13 17:04:12', 'N'),
(188, 'aryadi.prasetyo', 'iwayan.saputra', 3, '21', '2014-12-13 17:04:12', 'Y'),
(189, 'aryadi.prasetyo', 'agus.susanto', 3, '21', '2014-12-13 17:04:12', 'N'),
(190, 'aryadi.prasetyo', 'anna.pratitiek', 3, '21', '2014-12-13 17:04:12', 'Y'),
(191, 'aryadi.prasetyo', 'arif.yusrian', 3, '21', '2014-12-13 17:04:12', 'N'),
(192, 'aryadi.prasetyo', 'dian.nopita', 3, '21', '2014-12-13 17:04:12', 'N'),
(193, 'aryadi.prasetyo', 'agus.wicaksono', 3, '21', '2014-12-13 17:04:12', 'Y'),
(194, 'aryadi.prasetyo', 'iin.septianasri', 3, '21', '2014-12-13 17:04:12', 'Y'),
(195, 'aryadi.prasetyo', 'mayangsari.agustina', 3, '21', '2014-12-13 17:04:12', 'Y'),
(196, 'aryadi.prasetyo', 'mertiana.andriani', 3, '21', '2014-12-13 17:04:12', 'Y'),
(197, 'aryadi.prasetyo', 'muklis.suryadi', 3, '21', '2014-12-13 17:04:12', 'N'),
(198, 'aryadi.prasetyo', 'nurul.hafizi', 3, '21', '2014-12-13 17:04:12', 'Y'),
(199, 'aryadi.prasetyo', 'risdiansyah', 3, '21', '2014-12-13 17:04:12', 'N'),
(200, 'aryadi.prasetyo', 'rusyda', 3, '21', '2014-12-13 17:04:12', 'Y'),
(201, 'aryadi.prasetyo', 'siti.maryana', 3, '21', '2014-12-13 17:04:12', 'N'),
(202, 'aryadi.prasetyo', 'sopuan', 3, '21', '2014-12-13 17:04:12', 'N'),
(203, 'aryadi.prasetyo', 'suryanto', 3, '21', '2014-12-13 17:04:12', 'Y'),
(204, 'aryadi.prasetyo', 'uka', 3, '21', '2014-12-13 17:04:12', 'Y'),
(205, 'aryadi.prasetyo', 'firman.aryadi', 3, '21', '2014-12-13 17:04:12', 'N'),
(206, 'aryadi.prasetyo', 'ardi.iswanto', 3, '21', '2014-12-13 17:04:12', 'N'),
(207, 'aryadi.prasetyo', 'herman.kurniawan', 3, '21', '2014-12-13 17:04:12', 'N'),
(216, 'nurul.hafizi', 'febriyant', 3, '38', '2014-12-14 08:30:35', 'Y'),
(217, 'nurul.hafizi', 'aryadi.prasetyo', 3, '38', '2014-12-14 08:30:35', 'Y'),
(218, 'nurul.hafizi', 'eka.siti', 3, '38', '2014-12-14 08:30:35', 'N'),
(219, 'nurul.hafizi', 'iwayan.saputra', 3, '38', '2014-12-14 08:30:35', 'Y'),
(220, 'nurul.hafizi', 'agus.susanto', 3, '38', '2014-12-14 08:30:35', 'N'),
(221, 'nurul.hafizi', 'anna.pratitiek', 3, '38', '2014-12-14 08:30:35', 'Y'),
(222, 'nurul.hafizi', 'arif.yusrian', 3, '38', '2014-12-14 08:30:35', 'N'),
(223, 'nurul.hafizi', 'dian.nopita', 3, '38', '2014-12-14 08:30:35', 'N'),
(224, 'nurul.hafizi', 'agus.wicaksono', 3, '38', '2014-12-14 08:30:35', 'N'),
(225, 'nurul.hafizi', 'iin.septianasri', 3, '38', '2014-12-14 08:30:35', 'Y'),
(226, 'nurul.hafizi', 'mayangsari.agustina', 3, '38', '2014-12-14 08:30:35', 'Y'),
(227, 'nurul.hafizi', 'mertiana.andriani', 3, '38', '2014-12-14 08:30:35', 'Y'),
(228, 'nurul.hafizi', 'muklis.suryadi', 3, '38', '2014-12-14 08:30:35', 'N'),
(229, 'nurul.hafizi', 'nurul.hafizi', 3, '38', '2014-12-14 08:30:35', 'Y'),
(230, 'nurul.hafizi', 'risdiansyah', 3, '38', '2014-12-14 08:30:35', 'Y'),
(231, 'nurul.hafizi', 'rusyda', 3, '38', '2014-12-14 08:30:35', 'Y'),
(232, 'nurul.hafizi', 'siti.maryana', 3, '38', '2014-12-14 08:30:35', 'N'),
(233, 'nurul.hafizi', 'sopuan', 3, '38', '2014-12-14 08:30:35', 'N'),
(234, 'nurul.hafizi', 'suryanto', 3, '38', '2014-12-14 08:30:35', 'N'),
(235, 'nurul.hafizi', 'uka', 3, '38', '2014-12-14 08:30:35', 'Y'),
(236, 'nurul.hafizi', 'firman.aryadi', 3, '38', '2014-12-14 08:30:35', 'N'),
(237, 'nurul.hafizi', 'ardi.iswanto', 3, '38', '2014-12-14 08:30:35', 'N'),
(238, 'nurul.hafizi', 'herman.kurniawan', 3, '38', '2014-12-14 08:30:35', 'Y'),
(247, 'iwayan.saputra', 'febriyant', 3, '38', '2014-12-15 08:28:35', 'Y'),
(248, 'iwayan.saputra', 'aryadi.prasetyo', 3, '38', '2014-12-15 08:28:35', 'Y'),
(249, 'iwayan.saputra', 'eka.siti', 3, '38', '2014-12-15 08:28:35', 'N'),
(250, 'iwayan.saputra', 'iwayan.saputra', 3, '38', '2014-12-15 08:28:35', 'Y'),
(251, 'iwayan.saputra', 'agus.susanto', 3, '38', '2014-12-15 08:28:35', 'N'),
(252, 'iwayan.saputra', 'anna.pratitiek', 3, '38', '2014-12-15 08:28:35', 'Y'),
(253, 'iwayan.saputra', 'arif.yusrian', 3, '38', '2014-12-15 08:28:35', 'N'),
(254, 'iwayan.saputra', 'dian.nopita', 3, '38', '2014-12-15 08:28:35', 'N'),
(255, 'iwayan.saputra', 'agus.wicaksono', 3, '38', '2014-12-15 08:28:35', 'N'),
(256, 'iwayan.saputra', 'iin.septianasri', 3, '38', '2014-12-15 08:28:35', 'Y'),
(257, 'iwayan.saputra', 'mayangsari.agustina', 3, '38', '2014-12-15 08:28:35', 'Y'),
(258, 'iwayan.saputra', 'mertiana.andriani', 3, '38', '2014-12-15 08:28:35', 'Y'),
(259, 'iwayan.saputra', 'muklis.suryadi', 3, '38', '2014-12-15 08:28:35', 'N'),
(260, 'iwayan.saputra', 'nurul.hafizi', 3, '38', '2014-12-15 08:28:35', 'N'),
(261, 'iwayan.saputra', 'risdiansyah', 3, '38', '2014-12-15 08:28:35', 'N'),
(262, 'iwayan.saputra', 'rusyda', 3, '38', '2014-12-15 08:28:35', 'Y'),
(263, 'iwayan.saputra', 'siti.maryana', 3, '38', '2014-12-15 08:28:35', 'N'),
(264, 'iwayan.saputra', 'sopuan', 3, '38', '2014-12-15 08:28:35', 'N'),
(265, 'iwayan.saputra', 'suryanto', 3, '38', '2014-12-15 08:28:35', 'N'),
(266, 'iwayan.saputra', 'uka', 3, '38', '2014-12-15 08:28:35', 'Y'),
(267, 'iwayan.saputra', 'firman.aryadi', 3, '38', '2014-12-15 08:28:35', 'N'),
(268, 'iwayan.saputra', 'ardi.iswanto', 3, '38', '2014-12-15 08:28:35', 'N'),
(269, 'iwayan.saputra', 'herman.kurniawan', 3, '38', '2014-12-15 08:28:35', 'Y'),
(278, 'iwayan.saputra', 'febriyant', 3, '39', '2014-12-15 08:30:54', 'Y'),
(279, 'iwayan.saputra', 'aryadi.prasetyo', 3, '39', '2014-12-15 08:30:54', 'Y'),
(280, 'iwayan.saputra', 'eka.siti', 3, '39', '2014-12-15 08:30:54', 'N'),
(281, 'iwayan.saputra', 'iwayan.saputra', 3, '39', '2014-12-15 08:30:54', 'Y'),
(282, 'iwayan.saputra', 'agus.susanto', 3, '39', '2014-12-15 08:30:54', 'N'),
(283, 'iwayan.saputra', 'anna.pratitiek', 3, '39', '2014-12-15 08:30:54', 'N'),
(284, 'iwayan.saputra', 'arif.yusrian', 3, '39', '2014-12-15 08:30:54', 'N'),
(285, 'iwayan.saputra', 'dian.nopita', 3, '39', '2014-12-15 08:30:54', 'N'),
(286, 'iwayan.saputra', 'agus.wicaksono', 3, '39', '2014-12-15 08:30:54', 'N'),
(287, 'iwayan.saputra', 'iin.septianasri', 3, '39', '2014-12-15 08:30:54', 'Y'),
(288, 'iwayan.saputra', 'mayangsari.agustina', 3, '39', '2014-12-15 08:30:54', 'Y'),
(289, 'iwayan.saputra', 'mertiana.andriani', 3, '39', '2014-12-15 08:30:54', 'Y'),
(290, 'iwayan.saputra', 'muklis.suryadi', 3, '39', '2014-12-15 08:30:54', 'N'),
(291, 'iwayan.saputra', 'nurul.hafizi', 3, '39', '2014-12-15 08:30:54', 'N'),
(292, 'iwayan.saputra', 'risdiansyah', 3, '39', '2014-12-15 08:30:54', 'N'),
(293, 'iwayan.saputra', 'rusyda', 3, '39', '2014-12-15 08:30:54', 'Y'),
(294, 'iwayan.saputra', 'siti.maryana', 3, '39', '2014-12-15 08:30:54', 'N'),
(295, 'iwayan.saputra', 'sopuan', 3, '39', '2014-12-15 08:30:54', 'N'),
(296, 'iwayan.saputra', 'suryanto', 3, '39', '2014-12-15 08:30:54', 'N'),
(297, 'iwayan.saputra', 'uka', 3, '39', '2014-12-15 08:30:54', 'N'),
(298, 'iwayan.saputra', 'firman.aryadi', 3, '39', '2014-12-15 08:30:54', 'N'),
(299, 'iwayan.saputra', 'ardi.iswanto', 3, '39', '2014-12-15 08:30:54', 'N'),
(300, 'iwayan.saputra', 'herman.kurniawan', 3, '39', '2014-12-15 08:30:54', 'Y'),
(309, 'iwayan.saputra', 'febriyant', 3, '19', '2014-12-15 08:32:39', 'Y'),
(310, 'iwayan.saputra', 'aryadi.prasetyo', 3, '19', '2014-12-15 08:32:39', 'Y'),
(311, 'iwayan.saputra', 'eka.siti', 3, '19', '2014-12-15 08:32:39', 'N'),
(312, 'iwayan.saputra', 'iwayan.saputra', 3, '19', '2014-12-15 08:32:39', 'Y'),
(313, 'iwayan.saputra', 'agus.susanto', 3, '19', '2014-12-15 08:32:39', 'N'),
(314, 'iwayan.saputra', 'anna.pratitiek', 3, '19', '2014-12-15 08:32:39', 'N'),
(315, 'iwayan.saputra', 'arif.yusrian', 3, '19', '2014-12-15 08:32:39', 'N'),
(316, 'iwayan.saputra', 'dian.nopita', 3, '19', '2014-12-15 08:32:39', 'N'),
(317, 'iwayan.saputra', 'agus.wicaksono', 3, '19', '2014-12-15 08:32:39', 'N'),
(318, 'iwayan.saputra', 'iin.septianasri', 3, '19', '2014-12-15 08:32:39', 'Y'),
(319, 'iwayan.saputra', 'mayangsari.agustina', 3, '19', '2014-12-15 08:32:39', 'Y'),
(320, 'iwayan.saputra', 'mertiana.andriani', 3, '19', '2014-12-15 08:32:39', 'Y'),
(321, 'iwayan.saputra', 'muklis.suryadi', 3, '19', '2014-12-15 08:32:39', 'N'),
(322, 'iwayan.saputra', 'nurul.hafizi', 3, '19', '2014-12-15 08:32:39', 'N'),
(323, 'iwayan.saputra', 'risdiansyah', 3, '19', '2014-12-15 08:32:39', 'N'),
(324, 'iwayan.saputra', 'rusyda', 3, '19', '2014-12-15 08:32:39', 'Y'),
(325, 'iwayan.saputra', 'siti.maryana', 3, '19', '2014-12-15 08:32:39', 'N'),
(326, 'iwayan.saputra', 'sopuan', 3, '19', '2014-12-15 08:32:39', 'N'),
(327, 'iwayan.saputra', 'suryanto', 3, '19', '2014-12-15 08:32:39', 'N'),
(328, 'iwayan.saputra', 'uka', 3, '19', '2014-12-15 08:32:39', 'N'),
(329, 'iwayan.saputra', 'firman.aryadi', 3, '19', '2014-12-15 08:32:39', 'N'),
(330, 'iwayan.saputra', 'ardi.iswanto', 3, '19', '2014-12-15 08:32:39', 'N'),
(331, 'iwayan.saputra', 'herman.kurniawan', 3, '19', '2014-12-15 08:32:39', 'N'),
(340, 'febriyant', 'febriyant', 3, '38', '2014-12-15 08:34:31', 'Y'),
(341, 'febriyant', 'aryadi.prasetyo', 3, '38', '2014-12-15 08:34:31', 'Y'),
(342, 'febriyant', 'eka.siti', 3, '38', '2014-12-15 08:34:31', 'N'),
(343, 'febriyant', 'iwayan.saputra', 3, '38', '2014-12-15 08:34:31', 'N'),
(344, 'febriyant', 'agus.susanto', 3, '38', '2014-12-15 08:34:31', 'N'),
(345, 'febriyant', 'anna.pratitiek', 3, '38', '2014-12-15 08:34:31', 'Y'),
(346, 'febriyant', 'arif.yusrian', 3, '38', '2014-12-15 08:34:31', 'N'),
(347, 'febriyant', 'dian.nopita', 3, '38', '2014-12-15 08:34:31', 'N'),
(348, 'febriyant', 'agus.wicaksono', 3, '38', '2014-12-15 08:34:31', 'N'),
(349, 'febriyant', 'iin.septianasri', 3, '38', '2014-12-15 08:34:31', 'Y'),
(350, 'febriyant', 'mayangsari.agustina', 3, '38', '2014-12-15 08:34:31', 'Y'),
(351, 'febriyant', 'mertiana.andriani', 3, '38', '2014-12-15 08:34:31', 'Y'),
(352, 'febriyant', 'muklis.suryadi', 3, '38', '2014-12-15 08:34:31', 'N'),
(353, 'febriyant', 'nurul.hafizi', 3, '38', '2014-12-15 08:34:31', 'N'),
(354, 'febriyant', 'risdiansyah', 3, '38', '2014-12-15 08:34:31', 'N'),
(355, 'febriyant', 'rusyda', 3, '38', '2014-12-15 08:34:31', 'Y'),
(356, 'febriyant', 'siti.maryana', 3, '38', '2014-12-15 08:34:31', 'N'),
(357, 'febriyant', 'sopuan', 3, '38', '2014-12-15 08:34:31', 'N'),
(358, 'febriyant', 'suryanto', 3, '38', '2014-12-15 08:34:31', 'N'),
(359, 'febriyant', 'uka', 3, '38', '2014-12-15 08:34:31', 'Y'),
(360, 'febriyant', 'firman.aryadi', 3, '38', '2014-12-15 08:34:31', 'N'),
(361, 'febriyant', 'ardi.iswanto', 3, '38', '2014-12-15 08:34:31', 'N'),
(362, 'febriyant', 'herman.kurniawan', 3, '38', '2014-12-15 08:34:31', 'Y'),
(371, 'iwayan.saputra', 'febriyant', 3, '20', '2014-12-15 08:36:55', 'Y'),
(372, 'iwayan.saputra', 'aryadi.prasetyo', 3, '20', '2014-12-15 08:36:55', 'Y'),
(373, 'iwayan.saputra', 'eka.siti', 3, '20', '2014-12-15 08:36:55', 'N'),
(374, 'iwayan.saputra', 'iwayan.saputra', 3, '20', '2014-12-15 08:36:55', 'Y'),
(375, 'iwayan.saputra', 'agus.susanto', 3, '20', '2014-12-15 08:36:55', 'N'),
(376, 'iwayan.saputra', 'anna.pratitiek', 3, '20', '2014-12-15 08:36:55', 'N'),
(377, 'iwayan.saputra', 'arif.yusrian', 3, '20', '2014-12-15 08:36:55', 'N'),
(378, 'iwayan.saputra', 'dian.nopita', 3, '20', '2014-12-15 08:36:55', 'N'),
(379, 'iwayan.saputra', 'agus.wicaksono', 3, '20', '2014-12-15 08:36:55', 'N'),
(380, 'iwayan.saputra', 'iin.septianasri', 3, '20', '2014-12-15 08:36:55', 'Y'),
(381, 'iwayan.saputra', 'mayangsari.agustina', 3, '20', '2014-12-15 08:36:55', 'N'),
(382, 'iwayan.saputra', 'mertiana.andriani', 3, '20', '2014-12-15 08:36:55', 'Y'),
(383, 'iwayan.saputra', 'muklis.suryadi', 3, '20', '2014-12-15 08:36:55', 'N'),
(384, 'iwayan.saputra', 'nurul.hafizi', 3, '20', '2014-12-15 08:36:55', 'N'),
(385, 'iwayan.saputra', 'risdiansyah', 3, '20', '2014-12-15 08:36:55', 'N'),
(386, 'iwayan.saputra', 'rusyda', 3, '20', '2014-12-15 08:36:55', 'Y'),
(387, 'iwayan.saputra', 'siti.maryana', 3, '20', '2014-12-15 08:36:55', 'N'),
(388, 'iwayan.saputra', 'sopuan', 3, '20', '2014-12-15 08:36:55', 'N'),
(389, 'iwayan.saputra', 'suryanto', 3, '20', '2014-12-15 08:36:55', 'N'),
(390, 'iwayan.saputra', 'uka', 3, '20', '2014-12-15 08:36:55', 'N'),
(391, 'iwayan.saputra', 'firman.aryadi', 3, '20', '2014-12-15 08:36:55', 'N'),
(392, 'iwayan.saputra', 'ardi.iswanto', 3, '20', '2014-12-15 08:36:55', 'N'),
(393, 'iwayan.saputra', 'herman.kurniawan', 3, '20', '2014-12-15 08:36:55', 'N'),
(402, 'febriyant', 'febriyant', 3, '26', '2014-12-15 08:39:04', 'Y'),
(403, 'febriyant', 'aryadi.prasetyo', 3, '26', '2014-12-15 08:39:04', 'Y'),
(404, 'febriyant', 'eka.siti', 3, '26', '2014-12-15 08:39:04', 'N'),
(405, 'febriyant', 'iwayan.saputra', 3, '26', '2014-12-15 08:39:04', 'N'),
(406, 'febriyant', 'agus.susanto', 3, '26', '2014-12-15 08:39:04', 'N'),
(407, 'febriyant', 'anna.pratitiek', 3, '26', '2014-12-15 08:39:04', 'N'),
(408, 'febriyant', 'arif.yusrian', 3, '26', '2014-12-15 08:39:04', 'N'),
(409, 'febriyant', 'dian.nopita', 3, '26', '2014-12-15 08:39:04', 'N'),
(410, 'febriyant', 'agus.wicaksono', 3, '26', '2014-12-15 08:39:04', 'N'),
(411, 'febriyant', 'iin.septianasri', 3, '26', '2014-12-15 08:39:04', 'Y'),
(412, 'febriyant', 'mayangsari.agustina', 3, '26', '2014-12-15 08:39:04', 'N'),
(413, 'febriyant', 'mertiana.andriani', 3, '26', '2014-12-15 08:39:04', 'Y'),
(414, 'febriyant', 'muklis.suryadi', 3, '26', '2014-12-15 08:39:04', 'N'),
(415, 'febriyant', 'nurul.hafizi', 3, '26', '2014-12-15 08:39:04', 'N'),
(416, 'febriyant', 'risdiansyah', 3, '26', '2014-12-15 08:39:04', 'N'),
(417, 'febriyant', 'rusyda', 3, '26', '2014-12-15 08:39:04', 'Y'),
(418, 'febriyant', 'siti.maryana', 3, '26', '2014-12-15 08:39:04', 'N'),
(419, 'febriyant', 'sopuan', 3, '26', '2014-12-15 08:39:04', 'N'),
(420, 'febriyant', 'suryanto', 3, '26', '2014-12-15 08:39:04', 'N'),
(421, 'febriyant', 'uka', 3, '26', '2014-12-15 08:39:04', 'Y'),
(422, 'febriyant', 'firman.aryadi', 3, '26', '2014-12-15 08:39:04', 'N'),
(423, 'febriyant', 'ardi.iswanto', 3, '26', '2014-12-15 08:39:04', 'N'),
(424, 'febriyant', 'herman.kurniawan', 3, '26', '2014-12-15 08:39:04', 'N'),
(433, 'aryadi.prasetyo', 'febriyant', 3, '26', '2014-12-15 09:39:02', 'Y'),
(434, 'aryadi.prasetyo', 'aryadi.prasetyo', 3, '26', '2014-12-15 09:39:02', 'Y'),
(435, 'aryadi.prasetyo', 'eka.siti', 3, '26', '2014-12-15 09:39:02', 'N'),
(436, 'aryadi.prasetyo', 'iwayan.saputra', 3, '26', '2014-12-15 09:39:02', 'N'),
(437, 'aryadi.prasetyo', 'agus.susanto', 3, '26', '2014-12-15 09:39:02', 'N'),
(438, 'aryadi.prasetyo', 'anna.pratitiek', 3, '26', '2014-12-15 09:39:02', 'N'),
(439, 'aryadi.prasetyo', 'arif.yusrian', 3, '26', '2014-12-15 09:39:02', 'N'),
(440, 'aryadi.prasetyo', 'dian.nopita', 3, '26', '2014-12-15 09:39:02', 'N'),
(441, 'aryadi.prasetyo', 'agus.wicaksono', 3, '26', '2014-12-15 09:39:02', 'N'),
(442, 'aryadi.prasetyo', 'iin.septianasri', 3, '26', '2014-12-15 09:39:02', 'Y'),
(443, 'aryadi.prasetyo', 'mayangsari.agustina', 3, '26', '2014-12-15 09:39:02', 'N'),
(444, 'aryadi.prasetyo', 'mertiana.andriani', 3, '26', '2014-12-15 09:39:02', 'Y'),
(445, 'aryadi.prasetyo', 'muklis.suryadi', 3, '26', '2014-12-15 09:39:02', 'N'),
(446, 'aryadi.prasetyo', 'nurul.hafizi', 3, '26', '2014-12-15 09:39:02', 'N'),
(447, 'aryadi.prasetyo', 'risdiansyah', 3, '26', '2014-12-15 09:39:02', 'N'),
(448, 'aryadi.prasetyo', 'rusyda', 3, '26', '2014-12-15 09:39:02', 'Y'),
(449, 'aryadi.prasetyo', 'siti.maryana', 3, '26', '2014-12-15 09:39:02', 'N'),
(450, 'aryadi.prasetyo', 'sopuan', 3, '26', '2014-12-15 09:39:02', 'N'),
(451, 'aryadi.prasetyo', 'suryanto', 3, '26', '2014-12-15 09:39:02', 'N'),
(452, 'aryadi.prasetyo', 'uka', 3, '26', '2014-12-15 09:39:02', 'Y'),
(453, 'aryadi.prasetyo', 'firman.aryadi', 3, '26', '2014-12-15 09:39:02', 'N'),
(454, 'aryadi.prasetyo', 'ardi.iswanto', 3, '26', '2014-12-15 09:39:02', 'N'),
(455, 'aryadi.prasetyo', 'herman.kurniawan', 3, '26', '2014-12-15 09:39:02', 'N'),
(464, 'aryadi.prasetyo', 'febriyant', 3, '42', '2014-12-15 09:40:41', 'Y'),
(465, 'aryadi.prasetyo', 'aryadi.prasetyo', 3, '42', '2014-12-15 09:40:41', 'Y'),
(466, 'aryadi.prasetyo', 'eka.siti', 3, '42', '2014-12-15 09:40:41', 'N'),
(467, 'aryadi.prasetyo', 'iwayan.saputra', 3, '42', '2014-12-15 09:40:41', 'N'),
(468, 'aryadi.prasetyo', 'agus.susanto', 3, '42', '2014-12-15 09:40:41', 'N'),
(469, 'aryadi.prasetyo', 'anna.pratitiek', 3, '42', '2014-12-15 09:40:41', 'N'),
(470, 'aryadi.prasetyo', 'arif.yusrian', 3, '42', '2014-12-15 09:40:41', 'N'),
(471, 'aryadi.prasetyo', 'dian.nopita', 3, '42', '2014-12-15 09:40:41', 'N'),
(472, 'aryadi.prasetyo', 'agus.wicaksono', 3, '42', '2014-12-15 09:40:41', 'N'),
(473, 'aryadi.prasetyo', 'iin.septianasri', 3, '42', '2014-12-15 09:40:41', 'Y'),
(474, 'aryadi.prasetyo', 'mayangsari.agustina', 3, '42', '2014-12-15 09:40:41', 'Y'),
(475, 'aryadi.prasetyo', 'mertiana.andriani', 3, '42', '2014-12-15 09:40:41', 'Y'),
(476, 'aryadi.prasetyo', 'muklis.suryadi', 3, '42', '2014-12-15 09:40:41', 'N'),
(477, 'aryadi.prasetyo', 'nurul.hafizi', 3, '42', '2014-12-15 09:40:41', 'N'),
(478, 'aryadi.prasetyo', 'risdiansyah', 3, '42', '2014-12-15 09:40:41', 'N'),
(479, 'aryadi.prasetyo', 'rusyda', 3, '42', '2014-12-15 09:40:41', 'Y'),
(480, 'aryadi.prasetyo', 'siti.maryana', 3, '42', '2014-12-15 09:40:41', 'N'),
(481, 'aryadi.prasetyo', 'sopuan', 3, '42', '2014-12-15 09:40:41', 'N'),
(482, 'aryadi.prasetyo', 'suryanto', 3, '42', '2014-12-15 09:40:41', 'N'),
(483, 'aryadi.prasetyo', 'uka', 3, '42', '2014-12-15 09:40:41', 'N'),
(484, 'aryadi.prasetyo', 'firman.aryadi', 3, '42', '2014-12-15 09:40:41', 'N'),
(485, 'aryadi.prasetyo', 'ardi.iswanto', 3, '42', '2014-12-15 09:40:41', 'N'),
(486, 'aryadi.prasetyo', 'herman.kurniawan', 3, '42', '2014-12-15 09:40:41', 'N'),
(495, 'aryadi.prasetyo', 'febriyant', 3, '17', '2014-12-15 09:44:12', 'Y'),
(496, 'aryadi.prasetyo', 'aryadi.prasetyo', 3, '17', '2014-12-15 09:44:12', 'Y'),
(497, 'aryadi.prasetyo', 'eka.siti', 3, '17', '2014-12-15 09:44:12', 'N'),
(498, 'aryadi.prasetyo', 'iwayan.saputra', 3, '17', '2014-12-15 09:44:12', 'N'),
(499, 'aryadi.prasetyo', 'agus.susanto', 3, '17', '2014-12-15 09:44:12', 'N'),
(500, 'aryadi.prasetyo', 'anna.pratitiek', 3, '17', '2014-12-15 09:44:12', 'N'),
(501, 'aryadi.prasetyo', 'arif.yusrian', 3, '17', '2014-12-15 09:44:12', 'N'),
(502, 'aryadi.prasetyo', 'dian.nopita', 3, '17', '2014-12-15 09:44:12', 'N'),
(503, 'aryadi.prasetyo', 'agus.wicaksono', 3, '17', '2014-12-15 09:44:12', 'N'),
(504, 'aryadi.prasetyo', 'iin.septianasri', 3, '17', '2014-12-15 09:44:12', 'Y'),
(505, 'aryadi.prasetyo', 'mayangsari.agustina', 3, '17', '2014-12-15 09:44:12', 'Y'),
(506, 'aryadi.prasetyo', 'mertiana.andriani', 3, '17', '2014-12-15 09:44:12', 'Y'),
(507, 'aryadi.prasetyo', 'muklis.suryadi', 3, '17', '2014-12-15 09:44:12', 'N'),
(508, 'aryadi.prasetyo', 'nurul.hafizi', 3, '17', '2014-12-15 09:44:12', 'N'),
(509, 'aryadi.prasetyo', 'risdiansyah', 3, '17', '2014-12-15 09:44:12', 'N'),
(510, 'aryadi.prasetyo', 'rusyda', 3, '17', '2014-12-15 09:44:12', 'Y'),
(511, 'aryadi.prasetyo', 'siti.maryana', 3, '17', '2014-12-15 09:44:12', 'N'),
(512, 'aryadi.prasetyo', 'sopuan', 3, '17', '2014-12-15 09:44:12', 'N'),
(513, 'aryadi.prasetyo', 'suryanto', 3, '17', '2014-12-15 09:44:12', 'N'),
(514, 'aryadi.prasetyo', 'uka', 3, '17', '2014-12-15 09:44:12', 'N'),
(515, 'aryadi.prasetyo', 'firman.aryadi', 3, '17', '2014-12-15 09:44:12', 'N'),
(516, 'aryadi.prasetyo', 'ardi.iswanto', 3, '17', '2014-12-15 09:44:12', 'N'),
(517, 'aryadi.prasetyo', 'herman.kurniawan', 3, '17', '2014-12-15 09:44:12', 'N'),
(526, 'aryadi.prasetyo', 'febriyant', 3, '39', '2014-12-15 09:46:30', 'Y'),
(527, 'aryadi.prasetyo', 'aryadi.prasetyo', 3, '39', '2014-12-15 09:46:30', 'Y'),
(528, 'aryadi.prasetyo', 'eka.siti', 3, '39', '2014-12-15 09:46:30', 'N'),
(529, 'aryadi.prasetyo', 'iwayan.saputra', 3, '39', '2014-12-15 09:46:30', 'N'),
(530, 'aryadi.prasetyo', 'agus.susanto', 3, '39', '2014-12-15 09:46:30', 'N'),
(531, 'aryadi.prasetyo', 'anna.pratitiek', 3, '39', '2014-12-15 09:46:30', 'N'),
(532, 'aryadi.prasetyo', 'arif.yusrian', 3, '39', '2014-12-15 09:46:30', 'N'),
(533, 'aryadi.prasetyo', 'dian.nopita', 3, '39', '2014-12-15 09:46:30', 'N'),
(534, 'aryadi.prasetyo', 'agus.wicaksono', 3, '39', '2014-12-15 09:46:30', 'N'),
(535, 'aryadi.prasetyo', 'iin.septianasri', 3, '39', '2014-12-15 09:46:30', 'Y'),
(536, 'aryadi.prasetyo', 'mayangsari.agustina', 3, '39', '2014-12-15 09:46:30', 'Y'),
(537, 'aryadi.prasetyo', 'mertiana.andriani', 3, '39', '2014-12-15 09:46:30', 'Y'),
(538, 'aryadi.prasetyo', 'muklis.suryadi', 3, '39', '2014-12-15 09:46:30', 'N'),
(539, 'aryadi.prasetyo', 'nurul.hafizi', 3, '39', '2014-12-15 09:46:30', 'N'),
(540, 'aryadi.prasetyo', 'risdiansyah', 3, '39', '2014-12-15 09:46:30', 'N'),
(541, 'aryadi.prasetyo', 'rusyda', 3, '39', '2014-12-15 09:46:30', 'Y'),
(542, 'aryadi.prasetyo', 'siti.maryana', 3, '39', '2014-12-15 09:46:30', 'N'),
(543, 'aryadi.prasetyo', 'sopuan', 3, '39', '2014-12-15 09:46:30', 'N'),
(544, 'aryadi.prasetyo', 'suryanto', 3, '39', '2014-12-15 09:46:30', 'N'),
(545, 'aryadi.prasetyo', 'uka', 3, '39', '2014-12-15 09:46:30', 'N'),
(546, 'aryadi.prasetyo', 'firman.aryadi', 3, '39', '2014-12-15 09:46:30', 'N'),
(547, 'aryadi.prasetyo', 'ardi.iswanto', 3, '39', '2014-12-15 09:46:30', 'N'),
(548, 'aryadi.prasetyo', 'herman.kurniawan', 3, '39', '2014-12-15 09:46:30', 'Y'),
(557, 'aryadi.prasetyo', 'febriyant', 3, '25', '2014-12-15 09:47:33', 'Y'),
(558, 'aryadi.prasetyo', 'aryadi.prasetyo', 3, '25', '2014-12-15 09:47:33', 'Y'),
(559, 'aryadi.prasetyo', 'eka.siti', 3, '25', '2014-12-15 09:47:33', 'N'),
(560, 'aryadi.prasetyo', 'iwayan.saputra', 3, '25', '2014-12-15 09:47:33', 'N'),
(561, 'aryadi.prasetyo', 'agus.susanto', 3, '25', '2014-12-15 09:47:33', 'N'),
(562, 'aryadi.prasetyo', 'anna.pratitiek', 3, '25', '2014-12-15 09:47:33', 'N'),
(563, 'aryadi.prasetyo', 'arif.yusrian', 3, '25', '2014-12-15 09:47:33', 'N'),
(564, 'aryadi.prasetyo', 'dian.nopita', 3, '25', '2014-12-15 09:47:33', 'N'),
(565, 'aryadi.prasetyo', 'agus.wicaksono', 3, '25', '2014-12-15 09:47:33', 'N'),
(566, 'aryadi.prasetyo', 'iin.septianasri', 3, '25', '2014-12-15 09:47:33', 'Y'),
(567, 'aryadi.prasetyo', 'mayangsari.agustina', 3, '25', '2014-12-15 09:47:33', 'N'),
(568, 'aryadi.prasetyo', 'mertiana.andriani', 3, '25', '2014-12-15 09:47:33', 'Y'),
(569, 'aryadi.prasetyo', 'muklis.suryadi', 3, '25', '2014-12-15 09:47:33', 'N'),
(570, 'aryadi.prasetyo', 'nurul.hafizi', 3, '25', '2014-12-15 09:47:33', 'N'),
(571, 'aryadi.prasetyo', 'risdiansyah', 3, '25', '2014-12-15 09:47:33', 'N'),
(572, 'aryadi.prasetyo', 'rusyda', 3, '25', '2014-12-15 09:47:33', 'Y'),
(573, 'aryadi.prasetyo', 'siti.maryana', 3, '25', '2014-12-15 09:47:33', 'N'),
(574, 'aryadi.prasetyo', 'sopuan', 3, '25', '2014-12-15 09:47:33', 'N'),
(575, 'aryadi.prasetyo', 'suryanto', 3, '25', '2014-12-15 09:47:33', 'N'),
(576, 'aryadi.prasetyo', 'uka', 3, '25', '2014-12-15 09:47:33', 'N'),
(577, 'aryadi.prasetyo', 'firman.aryadi', 3, '25', '2014-12-15 09:47:33', 'N'),
(578, 'aryadi.prasetyo', 'ardi.iswanto', 3, '25', '2014-12-15 09:47:33', 'N'),
(579, 'aryadi.prasetyo', 'herman.kurniawan', 3, '25', '2014-12-15 09:47:33', 'N'),
(588, 'febriyant', 'febriyant', 3, '26', '2014-12-15 09:56:10', 'Y'),
(589, 'febriyant', 'aryadi.prasetyo', 3, '26', '2014-12-15 09:56:10', 'N'),
(590, 'febriyant', 'eka.siti', 3, '26', '2014-12-15 09:56:10', 'N'),
(591, 'febriyant', 'iwayan.saputra', 3, '26', '2014-12-15 09:56:10', 'N'),
(592, 'febriyant', 'agus.susanto', 3, '26', '2014-12-15 09:56:10', 'N'),
(593, 'febriyant', 'anna.pratitiek', 3, '26', '2014-12-15 09:56:10', 'N'),
(594, 'febriyant', 'arif.yusrian', 3, '26', '2014-12-15 09:56:10', 'N'),
(595, 'febriyant', 'dian.nopita', 3, '26', '2014-12-15 09:56:10', 'N'),
(596, 'febriyant', 'agus.wicaksono', 3, '26', '2014-12-15 09:56:10', 'N'),
(597, 'febriyant', 'iin.septianasri', 3, '26', '2014-12-15 09:56:10', 'Y'),
(598, 'febriyant', 'mayangsari.agustina', 3, '26', '2014-12-15 09:56:10', 'N'),
(599, 'febriyant', 'mertiana.andriani', 3, '26', '2014-12-15 09:56:10', 'Y'),
(600, 'febriyant', 'muklis.suryadi', 3, '26', '2014-12-15 09:56:10', 'N'),
(601, 'febriyant', 'nurul.hafizi', 3, '26', '2014-12-15 09:56:10', 'N'),
(602, 'febriyant', 'risdiansyah', 3, '26', '2014-12-15 09:56:10', 'N'),
(603, 'febriyant', 'rusyda', 3, '26', '2014-12-15 09:56:10', 'Y'),
(604, 'febriyant', 'siti.maryana', 3, '26', '2014-12-15 09:56:10', 'N'),
(605, 'febriyant', 'sopuan', 3, '26', '2014-12-15 09:56:10', 'N'),
(606, 'febriyant', 'suryanto', 3, '26', '2014-12-15 09:56:10', 'N'),
(607, 'febriyant', 'uka', 3, '26', '2014-12-15 09:56:10', 'Y'),
(608, 'febriyant', 'firman.aryadi', 3, '26', '2014-12-15 09:56:10', 'N'),
(609, 'febriyant', 'ardi.iswanto', 3, '26', '2014-12-15 09:56:10', 'N'),
(610, 'febriyant', 'herman.kurniawan', 3, '26', '2014-12-15 09:56:10', 'N'),
(619, 'uka', 'febriyant', 3, '33', '2014-12-15 10:37:08', 'Y'),
(620, 'uka', 'aryadi.prasetyo', 3, '33', '2014-12-15 10:37:08', 'N'),
(621, 'uka', 'eka.siti', 3, '33', '2014-12-15 10:37:08', 'N'),
(622, 'uka', 'iwayan.saputra', 3, '33', '2014-12-15 10:37:08', 'N'),
(623, 'uka', 'agus.susanto', 3, '33', '2014-12-15 10:37:08', 'N'),
(624, 'uka', 'anna.pratitiek', 3, '33', '2014-12-15 10:37:08', 'N'),
(625, 'uka', 'arif.yusrian', 3, '33', '2014-12-15 10:37:08', 'N'),
(626, 'uka', 'dian.nopita', 3, '33', '2014-12-15 10:37:08', 'N'),
(627, 'uka', 'agus.wicaksono', 3, '33', '2014-12-15 10:37:08', 'N'),
(628, 'uka', 'iin.septianasri', 3, '33', '2014-12-15 10:37:08', 'Y'),
(629, 'uka', 'mayangsari.agustina', 3, '33', '2014-12-15 10:37:08', 'Y'),
(630, 'uka', 'mertiana.andriani', 3, '33', '2014-12-15 10:37:08', 'Y'),
(631, 'uka', 'muklis.suryadi', 3, '33', '2014-12-15 10:37:08', 'N'),
(632, 'uka', 'nurul.hafizi', 3, '33', '2014-12-15 10:37:08', 'N'),
(633, 'uka', 'risdiansyah', 3, '33', '2014-12-15 10:37:08', 'N'),
(634, 'uka', 'rusyda', 3, '33', '2014-12-15 10:37:08', 'Y'),
(635, 'uka', 'siti.maryana', 3, '33', '2014-12-15 10:37:08', 'N'),
(636, 'uka', 'sopuan', 3, '33', '2014-12-15 10:37:08', 'Y'),
(637, 'uka', 'suryanto', 3, '33', '2014-12-15 10:37:08', 'N'),
(638, 'uka', 'uka', 3, '33', '2014-12-15 10:37:08', 'Y'),
(639, 'uka', 'firman.aryadi', 3, '33', '2014-12-15 10:37:08', 'N'),
(640, 'uka', 'ardi.iswanto', 3, '33', '2014-12-15 10:37:08', 'N'),
(641, 'uka', 'herman.kurniawan', 3, '33', '2014-12-15 10:37:08', 'N'),
(650, 'uka', 'febriyant', 3, '36', '2014-12-15 10:43:36', 'Y'),
(651, 'uka', 'aryadi.prasetyo', 3, '36', '2014-12-15 10:43:36', 'N'),
(652, 'uka', 'eka.siti', 3, '36', '2014-12-15 10:43:36', 'N'),
(653, 'uka', 'iwayan.saputra', 3, '36', '2014-12-15 10:43:36', 'N'),
(654, 'uka', 'agus.susanto', 3, '36', '2014-12-15 10:43:36', 'N'),
(655, 'uka', 'anna.pratitiek', 3, '36', '2014-12-15 10:43:36', 'Y'),
(656, 'uka', 'arif.yusrian', 3, '36', '2014-12-15 10:43:36', 'N'),
(657, 'uka', 'dian.nopita', 3, '36', '2014-12-15 10:43:36', 'N'),
(658, 'uka', 'agus.wicaksono', 3, '36', '2014-12-15 10:43:36', 'N'),
(659, 'uka', 'iin.septianasri', 3, '36', '2014-12-15 10:43:36', 'Y'),
(660, 'uka', 'mayangsari.agustina', 3, '36', '2014-12-15 10:43:36', 'Y'),
(661, 'uka', 'mertiana.andriani', 3, '36', '2014-12-15 10:43:36', 'Y'),
(662, 'uka', 'muklis.suryadi', 3, '36', '2014-12-15 10:43:36', 'N'),
(663, 'uka', 'nurul.hafizi', 3, '36', '2014-12-15 10:43:36', 'N'),
(664, 'uka', 'risdiansyah', 3, '36', '2014-12-15 10:43:36', 'N'),
(665, 'uka', 'rusyda', 3, '36', '2014-12-15 10:43:36', 'Y'),
(666, 'uka', 'siti.maryana', 3, '36', '2014-12-15 10:43:36', 'N'),
(667, 'uka', 'sopuan', 3, '36', '2014-12-15 10:43:36', 'N'),
(668, 'uka', 'suryanto', 3, '36', '2014-12-15 10:43:36', 'N'),
(669, 'uka', 'uka', 3, '36', '2014-12-15 10:43:36', 'Y'),
(670, 'uka', 'firman.aryadi', 3, '36', '2014-12-15 10:43:36', 'N'),
(671, 'uka', 'ardi.iswanto', 3, '36', '2014-12-15 10:43:36', 'N'),
(672, 'uka', 'herman.kurniawan', 3, '36', '2014-12-15 10:43:36', 'Y'),
(681, 'uka', 'febriyant', 3, '15', '2014-12-15 10:49:01', 'Y'),
(682, 'uka', 'aryadi.prasetyo', 3, '15', '2014-12-15 10:49:01', 'N'),
(683, 'uka', 'eka.siti', 3, '15', '2014-12-15 10:49:01', 'N'),
(684, 'uka', 'iwayan.saputra', 3, '15', '2014-12-15 10:49:01', 'N'),
(685, 'uka', 'agus.susanto', 3, '15', '2014-12-15 10:49:01', 'N'),
(686, 'uka', 'anna.pratitiek', 3, '15', '2014-12-15 10:49:01', 'N'),
(687, 'uka', 'arif.yusrian', 3, '15', '2014-12-15 10:49:01', 'N'),
(688, 'uka', 'dian.nopita', 3, '15', '2014-12-15 10:49:01', 'N'),
(689, 'uka', 'agus.wicaksono', 3, '15', '2014-12-15 10:49:01', 'N'),
(690, 'uka', 'iin.septianasri', 3, '15', '2014-12-15 10:49:01', 'Y'),
(691, 'uka', 'mayangsari.agustina', 3, '15', '2014-12-15 10:49:01', 'N'),
(692, 'uka', 'mertiana.andriani', 3, '15', '2014-12-15 10:49:01', 'Y'),
(693, 'uka', 'muklis.suryadi', 3, '15', '2014-12-15 10:49:01', 'N'),
(694, 'uka', 'nurul.hafizi', 3, '15', '2014-12-15 10:49:01', 'N'),
(695, 'uka', 'risdiansyah', 3, '15', '2014-12-15 10:49:01', 'N'),
(696, 'uka', 'rusyda', 3, '15', '2014-12-15 10:49:01', 'Y'),
(697, 'uka', 'siti.maryana', 3, '15', '2014-12-15 10:49:01', 'N'),
(698, 'uka', 'sopuan', 3, '15', '2014-12-15 10:49:01', 'N'),
(699, 'uka', 'suryanto', 3, '15', '2014-12-15 10:49:01', 'N'),
(700, 'uka', 'uka', 3, '15', '2014-12-15 10:49:01', 'Y'),
(701, 'uka', 'firman.aryadi', 3, '15', '2014-12-15 10:49:01', 'N'),
(702, 'uka', 'ardi.iswanto', 3, '15', '2014-12-15 10:49:01', 'N'),
(703, 'uka', 'herman.kurniawan', 3, '15', '2014-12-15 10:49:01', 'N'),
(712, 'mertiana.andriani', 'febriyant', 3, '38', '2014-12-15 11:53:06', 'Y'),
(713, 'mertiana.andriani', 'aryadi.prasetyo', 3, '38', '2014-12-15 11:53:06', 'N'),
(714, 'mertiana.andriani', 'eka.siti', 3, '38', '2014-12-15 11:53:06', 'N'),
(715, 'mertiana.andriani', 'iwayan.saputra', 3, '38', '2014-12-15 11:53:06', 'N'),
(716, 'mertiana.andriani', 'agus.susanto', 3, '38', '2014-12-15 11:53:06', 'N'),
(717, 'mertiana.andriani', 'anna.pratitiek', 3, '38', '2014-12-15 11:53:06', 'N'),
(718, 'mertiana.andriani', 'arif.yusrian', 3, '38', '2014-12-15 11:53:06', 'N'),
(719, 'mertiana.andriani', 'dian.nopita', 3, '38', '2014-12-15 11:53:06', 'N'),
(720, 'mertiana.andriani', 'agus.wicaksono', 3, '38', '2014-12-15 11:53:06', 'N'),
(721, 'mertiana.andriani', 'iin.septianasri', 3, '38', '2014-12-15 11:53:06', 'Y'),
(722, 'mertiana.andriani', 'mayangsari.agustina', 3, '38', '2014-12-15 11:53:06', 'Y'),
(723, 'mertiana.andriani', 'mertiana.andriani', 3, '38', '2014-12-15 11:53:06', 'Y'),
(724, 'mertiana.andriani', 'muklis.suryadi', 3, '38', '2014-12-15 11:53:06', 'N'),
(725, 'mertiana.andriani', 'nurul.hafizi', 3, '38', '2014-12-15 11:53:06', 'N'),
(726, 'mertiana.andriani', 'risdiansyah', 3, '38', '2014-12-15 11:53:06', 'N'),
(727, 'mertiana.andriani', 'rusyda', 3, '38', '2014-12-15 11:53:06', 'Y'),
(728, 'mertiana.andriani', 'siti.maryana', 3, '38', '2014-12-15 11:53:06', 'N'),
(729, 'mertiana.andriani', 'sopuan', 3, '38', '2014-12-15 11:53:06', 'N'),
(730, 'mertiana.andriani', 'suryanto', 3, '38', '2014-12-15 11:53:06', 'N'),
(731, 'mertiana.andriani', 'uka', 3, '38', '2014-12-15 11:53:06', 'Y'),
(732, 'mertiana.andriani', 'firman.aryadi', 3, '38', '2014-12-15 11:53:06', 'N'),
(733, 'mertiana.andriani', 'ardi.iswanto', 3, '38', '2014-12-15 11:53:06', 'N'),
(734, 'mertiana.andriani', 'herman.kurniawan', 3, '38', '2014-12-15 11:53:06', 'Y'),
(743, 'febriyant', 'febriyant', 3, '38', '2014-12-15 13:30:53', 'Y'),
(744, 'febriyant', 'aryadi.prasetyo', 3, '38', '2014-12-15 13:30:53', 'N'),
(745, 'febriyant', 'eka.siti', 3, '38', '2014-12-15 13:30:53', 'N'),
(746, 'febriyant', 'iwayan.saputra', 3, '38', '2014-12-15 13:30:53', 'N'),
(747, 'febriyant', 'agus.susanto', 3, '38', '2014-12-15 13:30:53', 'N'),
(748, 'febriyant', 'anna.pratitiek', 3, '38', '2014-12-15 13:30:53', 'N'),
(749, 'febriyant', 'arif.yusrian', 3, '38', '2014-12-15 13:30:53', 'N'),
(750, 'febriyant', 'dian.nopita', 3, '38', '2014-12-15 13:30:53', 'N'),
(751, 'febriyant', 'agus.wicaksono', 3, '38', '2014-12-15 13:30:53', 'N'),
(752, 'febriyant', 'iin.septianasri', 3, '38', '2014-12-15 13:30:53', 'Y'),
(753, 'febriyant', 'mayangsari.agustina', 3, '38', '2014-12-15 13:30:53', 'Y'),
(754, 'febriyant', 'mertiana.andriani', 3, '38', '2014-12-15 13:30:53', 'N'),
(755, 'febriyant', 'muklis.suryadi', 3, '38', '2014-12-15 13:30:53', 'N'),
(756, 'febriyant', 'nurul.hafizi', 3, '38', '2014-12-15 13:30:53', 'N'),
(757, 'febriyant', 'risdiansyah', 3, '38', '2014-12-15 13:30:53', 'N'),
(758, 'febriyant', 'rusyda', 3, '38', '2014-12-15 13:30:53', 'Y'),
(759, 'febriyant', 'siti.maryana', 3, '38', '2014-12-15 13:30:53', 'N'),
(760, 'febriyant', 'sopuan', 3, '38', '2014-12-15 13:30:53', 'N'),
(761, 'febriyant', 'suryanto', 3, '38', '2014-12-15 13:30:53', 'N'),
(762, 'febriyant', 'uka', 3, '38', '2014-12-15 13:30:53', 'Y'),
(763, 'febriyant', 'firman.aryadi', 3, '38', '2014-12-15 13:30:53', 'N'),
(764, 'febriyant', 'ardi.iswanto', 3, '38', '2014-12-15 13:30:53', 'N'),
(765, 'febriyant', 'herman.kurniawan', 3, '38', '2014-12-15 13:30:53', 'N'),
(774, 'suryanto', 'febriyant', 3, '28', '2014-12-15 15:10:55', 'Y'),
(775, 'suryanto', 'aryadi.prasetyo', 3, '28', '2014-12-15 15:10:55', 'N'),
(776, 'suryanto', 'eka.siti', 3, '28', '2014-12-15 15:10:55', 'N'),
(777, 'suryanto', 'iwayan.saputra', 3, '28', '2014-12-15 15:10:55', 'N'),
(778, 'suryanto', 'agus.susanto', 3, '28', '2014-12-15 15:10:55', 'N'),
(779, 'suryanto', 'anna.pratitiek', 3, '28', '2014-12-15 15:10:55', 'N'),
(780, 'suryanto', 'arif.yusrian', 3, '28', '2014-12-15 15:10:55', 'N'),
(781, 'suryanto', 'dian.nopita', 3, '28', '2014-12-15 15:10:55', 'N'),
(782, 'suryanto', 'agus.wicaksono', 3, '28', '2014-12-15 15:10:55', 'N'),
(783, 'suryanto', 'iin.septianasri', 3, '28', '2014-12-15 15:10:55', 'N'),
(784, 'suryanto', 'mayangsari.agustina', 3, '28', '2014-12-15 15:10:55', 'N'),
(785, 'suryanto', 'mertiana.andriani', 3, '28', '2014-12-15 15:10:55', 'N'),
(786, 'suryanto', 'muklis.suryadi', 3, '28', '2014-12-15 15:10:55', 'N'),
(787, 'suryanto', 'nurul.hafizi', 3, '28', '2014-12-15 15:10:55', 'N'),
(788, 'suryanto', 'risdiansyah', 3, '28', '2014-12-15 15:10:55', 'N'),
(789, 'suryanto', 'rusyda', 3, '28', '2014-12-15 15:10:55', 'Y'),
(790, 'suryanto', 'siti.maryana', 3, '28', '2014-12-15 15:10:55', 'N'),
(791, 'suryanto', 'sopuan', 3, '28', '2014-12-15 15:10:55', 'N'),
(792, 'suryanto', 'suryanto', 3, '28', '2014-12-15 15:10:55', 'Y'),
(793, 'suryanto', 'uka', 3, '28', '2014-12-15 15:10:55', 'N'),
(794, 'suryanto', 'firman.aryadi', 3, '28', '2014-12-15 15:10:55', 'N'),
(795, 'suryanto', 'ardi.iswanto', 3, '28', '2014-12-15 15:10:55', 'N'),
(796, 'suryanto', 'herman.kurniawan', 3, '28', '2014-12-15 15:10:55', 'N');

-- --------------------------------------------------------

--
-- Struktur dari tabel `activity_ver`
--

CREATE TABLE IF NOT EXISTS `activity_ver` (
  `id_veractivity` int(11) NOT NULL AUTO_INCREMENT,
  `ket_aktifitas` varchar(200) NOT NULL,
  PRIMARY KEY (`id_veractivity`)
) ENGINE=InnoDB  DEFAULT CHARSET=latin1 AUTO_INCREMENT=6 ;

--
-- Dumping data untuk tabel `activity_ver`
--

INSERT INTO `activity_ver` (`id_veractivity`, `ket_aktifitas`) VALUES
(1, 'Membuat Agenda Baru'),
(2, 'Membuat Issue Baru Di Agenda'),
(3, 'Berkomentar Di Issue'),
(4, 'Melakukan Close Issue'),
(5, 'Melakukan Open Issue Kembali Di Issue');

-- --------------------------------------------------------

--
-- Struktur dari tabel `agenda`
--

CREATE TABLE IF NOT EXISTS `agenda` (
  `id_agenda` int(11) NOT NULL AUTO_INCREMENT,
  `judul` varchar(100) NOT NULL,
  `description` varchar(200) NOT NULL,
  `date_posting` date NOT NULL,
  `jenis` int(11) NOT NULL,
  `pembuat` varchar(100) NOT NULL,
  PRIMARY KEY (`id_agenda`)
) ENGINE=InnoDB  DEFAULT CHARSET=latin1 AUTO_INCREMENT=54 ;

--
-- Dumping data untuk tabel `agenda`
--

INSERT INTO `agenda` (`id_agenda`, `judul`, `description`, `date_posting`, `jenis`, `pembuat`) VALUES
(32, 'HRD', '', '2014-12-09', 10, 'aryadi.prasetyo'),
(38, 'PRODUKSI', '', '2014-12-09', 10, 'aryadi.prasetyo'),
(39, 'ACCOUNTING', '', '2014-12-09', 11, 'aryadi.prasetyo'),
(41, 'NEW PROJECT PLANT', '', '2014-12-09', 10, 'aryadi.prasetyo'),
(45, 'MAINTENANCE', '', '2014-12-09', 10, 'aryadi.prasetyo'),
(46, 'SUPPLY CHAIN', '', '2014-12-09', 10, 'aryadi.prasetyo'),
(47, 'QUALITY CONTROL', '', '2014-12-09', 10, 'aryadi.prasetyo'),
(50, 'IT', '', '2014-12-09', 10, 'aryadi.prasetyo'),
(51, 'PURCHASING', '', '2014-12-09', 10, 'aryadi.prasetyo'),
(52, 'MARKETING', '', '2014-12-09', 10, 'aryadi.prasetyo'),
(53, 'OTHERS', '', '2014-12-09', 10, 'aryadi.prasetyo');

-- --------------------------------------------------------

--
-- Struktur dari tabel `comment`
--

CREATE TABLE IF NOT EXISTS `comment` (
  `id_comment` int(11) NOT NULL AUTO_INCREMENT,
  `id_issue` int(11) NOT NULL,
  `pembuat` varchar(100) NOT NULL,
  `komen` text NOT NULL,
  `date_posting` date NOT NULL,
  `foto-komen` text NOT NULL,
  PRIMARY KEY (`id_comment`)
) ENGINE=InnoDB  DEFAULT CHARSET=latin1 AUTO_INCREMENT=176 ;

--
-- Dumping data untuk tabel `comment`
--

INSERT INTO `comment` (`id_comment`, `id_issue`, `pembuat`, `komen`, `date_posting`, `foto-komen`) VALUES
(2, 6, 'febriyant', 'mencoba komentar baru', '2014-12-08', ''),
(3, 6, 'febriyant', 'mencoba komentar baru', '2014-12-08', ''),
(4, 6, 'febriyant', 'komen terbaru', '2014-12-08', ''),
(5, 6, 'febriyant', 'komen terbaru', '2014-12-08', ''),
(6, 6, 'febriyant', 'test komentar baru', '2014-12-08', ''),
(7, 6, 'febriyant', 'dikomentari kembali', '2014-12-08', ''),
(8, 6, 'febriyant', 'test komentar baru dengan hasil yang baru', '2014-12-08', ''),
(9, 6, 'febriyant', 'dicoba lagi komenyarnya', '2014-12-08', ''),
(10, 6, 'febriyant', 'ya sudah cukup sekian dan terimakasih', '2014-12-08', ''),
(11, 6, 'febriyant', 'jajal reload halaman', '2014-12-08', ''),
(14, 5, 'febriyant', 'test comment', '2014-12-08', ''),
(15, 9, 'febriyant', 'untuk pengadaan barang sudah dalam process permintaan penawaran', '2014-12-08', ''),
(16, 13, 'aryadi.prasetyo', 'untuk desain coba  browsing di google', '2014-12-08', ''),
(17, 18, 'febriyant', 'Dari RAB yang saya buat kira - kira kapan ya pak untuk mulai saya jalankan, karena ada beberapa perangkat yang indent cukup lama ( - 2 bulan) ??', '2014-12-09', ''),
(18, 22, 'mayangsari.agustina', 'untuk rekonsile, sisa resin per hari ini  11,275.76 kg pak, dipecah untuk stok GBJ per hari ini 28 mobil dan stok preform di GBB 26 karung.sudah follow up ke Bandung untuk info kedatangan resin.', '2014-12-09', ''),
(19, 23, 'eka.siti', 'info dari Bandung, saat ini sedang proses pembersihan screening dan pengecekan kabel2 listrik sehingga saat di Lampung sudah siap untuk installing.', '2014-12-09', ''),
(20, 18, 'mayangsari.agustina', 'proses instalasi sudah berjalan brp %, untuk menjadwalkan kedatangan bahan baku dan bahan pendukung untuk preform', '2014-12-09', ''),
(21, 26, 'febriyant', 'Ok Pak akan segera saya Arsipkan, dan akan saya follow up Ke masing - masing departement', '2014-12-09', ''),
(22, 16, 'aryadi.prasetyo', 'Untuk mesin Aqua kayanya rejek paling tinggi 5 besar itu buram,outoff center, gelombang, deformasi, terkena heater, perbaikan dan monitoring terkait rejek2 di atas bagaimana ya, mohon feed back dari produksi dan QA', '2014-12-09', ''),
(23, 19, 'aryadi.prasetyo', 'wayan/sopuan/sur tolong kirimkan gambar teknik botol shortneck ke pak Chandra nanti sebelum dikirim di check dulu modelnya karena akan rubah menjadi shortneck leher panjang', '2014-12-09', ''),
(24, 26, 'aryadi.prasetyo', 'to all departemen : modul ini dibuat anggap saja sebagai IK yg bisa dipergunakan oleh siapapun yg mendapat ijin misal jika anda cuti ada org yg bisa menggantikan kerjaan anda jadi bisa bermanfaat, utk pic yg biasa mengerjakan mungkin bisa bantu febri memberikan masukkan', '2014-12-09', ''),
(25, 22, 'aryadi.prasetyo', 'untuk persiapan reconsale dengan Aqua sebaiknya dipersiapkan beberapa alternatif jawaban terkait dengan kondisi barang yg ada di kita sambil didiskusikan dengan pihak Eno karena bisa saja terjadi case2 lain , contoh reconsale sebelumnya dgn Aqua bahwa stock GBJ banyak padahal resin sedikit jawaban kita pakai resin buffer punya kita dulu, ada kemungkinan case lain muncul selain itu', '2014-12-09', ''),
(26, 17, 'aryadi.prasetyo', 'Mekanisme penginputan data di produksi apakah sudah berjalan dengan baik? target saya akhir bulan Des ini sy akan ajukan pemutihan data jadi selisih yg ada seharusnya tidak boleh berubah', '2014-12-09', ''),
(27, 24, 'aryadi.prasetyo', 'Mbak Titi dan kawan2 apakah ada issue terkait handling di gudang?', '2014-12-09', ''),
(28, 25, 'aryadi.prasetyo', 'Diskusi saya dengan Santi Coorp.QA mereka akan minta ijin utk Trial preform 600ml shortneck tanpa menggunakan R-PET jika di acc oleh Pak Glen, utk pembuktian saja apakah problem Black spot berasal dari R-PET', '2014-12-09', ''),
(29, 14, 'aryadi.prasetyo', 'Anna kapan mulai ada test untuk kandidat staff marketing', '2014-12-09', ''),
(30, 23, 'aryadi.prasetyo', 'Ok tapi untuk regrain non ayak harus jalan terus proses pengayakannya', '2014-12-09', ''),
(31, 18, 'aryadi.prasetyo', 'to Febri baiknya dilakukan diskusi dan peninjauan lokasi dahulu dengan tim produksi dan HRD utk melihat kesiapan ruangan dll, to Mayang coba diskusi dgn Pimpro Project Pak Wayan sudah sampai mana eskalasi project preform tersebut dan kemungkinan mayang bisa visit ke lokasi juga', '2014-12-09', ''),
(32, 18, 'febriyant', 'ok pak siap akan saya obrolkan dengan pak agus, ibu titi , mba anna HRD dan Pimpro Pak wayan', '2014-12-09', ''),
(33, 21, 'suryanto', 'untuk Oli Cooler baru menurut mbak olva inden terkendala moment natal dan tahun baru, Boge German bulan Desember dan Januari  kantornya tidak efektif kemungkinan mulai di proses lagi February. Sedangkan Oli Cooler yang terpasang di Unit baru di Indonesia sendiri sampai saat ini belum ada yang Ready stock tapi mbak olva akan mengusahakan itu.\nUntuk oli Cooler Repair hingga sore ini belum diterima oleh pihak Tunas ruang mesin', '2014-12-09', ''),
(34, 17, 'sopuan', 'untuk laporan tertulis mengenai akurasi data produksi akan kami buat secepatnya. hari ini kami team produksi akan mengadakan meeting internal di departement produksi, terkait masalah tsb dan sekalian membahas agenda kerja di bulan ini mengingat bulan desember agenda kerja di produksi cukup padat. ', '2014-12-09', ''),
(35, 17, 'sopuan', 'untuk mekanisme pengimputan data produksi sudah berjalan dengan baik, hanya saja ada bebrapa kekurangan yg lg kita benahi dalam penulisan laporan terutama mebuat persamaan dalam penulisan trouble shooting di masing2 mesin blow pet dan  mesin galon.', '2014-12-10', ''),
(36, 16, 'sopuan', 'untuk pembuatan Pareto diagram kerusakaan mesin akan saya koordinasikan dgn pak wayan dan segera kita buat secepatnya. untuk QA dan PPIC  kmi minta lampiran laporan bulan kmr  buat dasar kami dalam mebuat pareto diagram kerusakan mesin tsb,mengingat  form baru yg berjalan di produksi mulai aktif  dipertengahan bulan november kmr.\n', '2014-12-10', ''),
(37, 14, 'anna.pratitiek', 'Iya pak diusahakan akhir desember Staff marketing sudah ada pak,  secepatnya akan dilakukan test, lamarannya yang masuk via email dan berkas juga sudah lumayan banyak. untuk waktu pelaksanaan test saya akan infokan pak setelah melakukan verifikasi/seleksi berkas. ', '2014-12-10', ''),
(38, 18, 'anna.pratitiek', 'Baik pak, \nmengenai ruangan, yang menjaga kebersihan baiknya dari ISS atau pakai karyawan sendiri pak?\nJika menggunakan pihak ISS kapan kita bisa berkoordinasi dengan PIhak ISS cleaning (Pak Budi/Pak Jumadi) untuk melakukan survey lapangan untuk penempatan man power ISS .\n\nBegitupun dengan Accses control, apakah kita memerlukan Jasa Security ISS untuk pengamanan gudang preform?', '2014-12-10', ''),
(39, 16, 'sopuan', 'untuk masalah reject kalau kita lihat dari data QA memang secara garis besar nya adalah out off center , gelombang, terkena heater,deformasi,dan botol penyok  dll. terkait dgn masalah tersebut kami team produksi akan segera menganalisa dan melakukan perbaikan di mesin tsb. \nnote: masukan dan saran buat kita bersaam  dept QA  dan dept Produksi tolong di cross check lg mengenai mekanisme  pengelompokan data reject karena menurut kami untuk akurasi pengelompokan masing2 jenis reject belum akurat dikarenakan dalam penghitungannya belum benar2 dihitung secara terperinci. kami sangat mebutuhkan data reject yg akurat buat dasar team produksi untuk menganalisa dan melakukan perbaikan di mesin tsb.  mohon masukan saran dan kritik  thanks \n\n', '2014-12-10', ''),
(40, 22, 'mayangsari.agustina', 'sisa stok resin  per hari ini 8,952.36 kg, bila dipecah untuk stok GBJ hari ini 23 mobil (sesuai dengan stok real GBJ sekarang) dan tidak ada stok preform di GBB, koordinasi dengan Bandung untuk kelebihan stok preform masih sama seperti jawaban kmrn pak.resin diambil pnya kita dlu untuk buffer bila resin datang terlambat dan reject produksi yang berlebih\n', '2014-12-10', ''),
(41, 16, 'aryadi.prasetyo', 'To Puan dan Rusyda : hasil diskusi kita hari ini terkait dgn usaha utk meminimasi rejek di semua mesin dan utk mendapatkan data yang akurat maka : tim produksi harus mencantumkan setiap perbaikan yg dilakukan   jenis rejeknya dan tim QA akan melakukan proses penghitungan jenis rejek per-jam utk rejek yang major sehingga next perbaikan yang dilakukan bisa dikorelasikan dgn penurunan rejek', '2014-12-10', ''),
(42, 17, 'aryadi.prasetyo', 'To Arif : tolong anda sampaikan di forum e-meeting ini bagaimana hasil cross check data yg anda lakukan setiap hari ada masalah ketidaksesuain data atau tidak seandainya ada maka tim produksi beserta jajarannya harus segera melakukan corrective action', '2014-12-10', ''),
(43, 25, 'aryadi.prasetyo', 'Just info Tripanca sudah mau buka PO lagi botol 600mlSN harga sudah deal ama saya, tinggal kita tunggu progress dari NSP BDG utk trial pake non RPET, To Rusyda koordinasi juga ya sama bu Santi lagi', '2014-12-10', ''),
(44, 14, 'aryadi.prasetyo', 'Ok sekalian aja dengan staff Purchasing utk tes nya walaupun masukkan masih lama', '2014-12-10', ''),
(45, 22, 'aryadi.prasetyo', 'To Titi/Mayang dan tim persiapkan juga untuk closing semua data di Desember supaya jika ada pemutihan bisa benar2 akurat', '2014-12-10', ''),
(46, 21, 'aryadi.prasetyo', 'Info hari ini saya telpon Olva Boge saya minta tolong ama dia usahakan untuk ngomong ama bos nya, nanti sy coba hubungi dia lagi, To Sopuan/Sur pastikan oil cooler yang kita kirim ke Jakarta posisinya ada di mana , kok belum nyampe, kuatir hilang', '2014-12-10', ''),
(47, 27, 'aryadi.prasetyo', 'To Sopuan : untuk hopper dryer gimana rencana progress hari ini', '2014-12-10', ''),
(48, 28, 'aryadi.prasetyo', 'Baik Sur ,trus difollow up lagi , oh ya untuk sample dan gambar neckring shortneck sudah ada belum utk dikirim ke Bandung', '2014-12-10', ''),
(49, 20, 'sopuan', 'untuk project dryer galon masih dalam proses pemasangan dan instalasi per hari ini,target kami di team produksi  besok ( kamis) semua proses pemasangan dan instalasi selesai mengingat akan ada kedatangan teknisi SHINI ke Namasindo hari jumat. ', '2014-12-10', ''),
(50, 30, 'mayangsari.agustina', 'PO menghabiskan sisa stok preform BW yang ada di kita dulu kan pak??', '2014-12-10', ''),
(51, 21, 'iin.septianasri', 'Info hari ini, untuk pengiriman mesin oil cooler sudah sampai jakarta, tadi saya sudah komfirmasi ke Dakota, besok sudah di pastikan sampai di tempat. Tks', '2014-12-10', ''),
(52, 14, 'anna.pratitiek', '86 Pak,', '2014-12-10', ''),
(53, 18, 'febriyant', 'setelah hasil survey kelapangan, untuk perapihan office menunggu part - part mesin preform sudah sesuai dengan posisinya, jika part - part mesin sudah dengan posisinya, bisa langsung bersih - bersih area dan pemplotan area office ', '2014-12-10', ''),
(54, 15, 'uka', 'Maaf pak hari ini saya belum bisa update secara data, karena belum bisa masuk ke oracle.  Tapi sebagai info untuk \n- Tripanca (Prabu Tirta JL) ada pengambilan gallon belah sabtu (6/12) jadi bisa kirim botol.\n- Great : N/A\n- Ceria : untuk ceria belum ada pembayaran dari setelah ada penggantian Gallon\n', '2014-12-10', ''),
(55, 23, 'eka.siti', 'untuk saat ini agak terhenti karena ada pemasangan dryer. setelah instalasi dryer selesai, akan dilanjutkan kembali.\nterkait masalah ayakan dari Bandung, dimensi dari ayakan adalah P = 3 m, T = 1 m, l = 1 m. Dok untuk bahan bakunya setinggi 2 m dan l = 1 m.', '2014-12-10', ''),
(56, 27, 'sopuan', 'progress pemasangan dryer SHINI SHD 2000 sudah 70%  pak,tinggal finishing besok. kita bisa pastikan besok untuk project dryer selesai sesuai target. \n', '2014-12-10', ''),
(57, 34, 'mayangsari.agustina', 'Dear all dikarenakan besok perbaikan kompresor dan harus off mesin. untuk menjaga kestabilan stok, shift 3 dan shift 1 ttp jalan 2 mesin, dan shift 2 perbaikan kompresor, mesin off.', '2014-12-10', ''),
(58, 36, 'febriyant', 'ane udah ngirim yo data nya heheh', '2014-12-10', ''),
(59, 38, 'febriyant', 'langsung share aja mba desain nya nanti kita voting bareng - bareng disini ', '2014-12-10', ''),
(60, 38, 'febriyant', 'kalau mau masukin gambarnya bilang sama aja nanti di uploadin', '2014-12-10', ''),
(61, 14, 'sopuan', 'to bu ana: bu untuk recruitment tenaga kerja bagian maintenance, mohon kalau bisa minggu depan orangnya sudah ada, soalnya saat ini pak suryanto sangat membutuhkan asisten untuk membantu pekerjaan dia di MTC, mengingat loading job nya beliau sangat padat. ', '2014-12-10', ''),
(62, 39, 'aryadi.prasetyo', 'Buatkan saja agenda patrol terkait GMP shg masing2 bisa menjaga kerapihan areanya', '2014-12-10', ''),
(63, 16, 'aryadi.prasetyo', 'TO SOPUAN   RUSYDA : Tolong up date progress minimasi rejek di all mesin , saya harap bisa dikomunikasikan tiap hari lewat media ini ', '2014-12-10', ''),
(64, 15, 'aryadi.prasetyo', 'untuk kasus CERIA kalo kita potong tagihan bagaimana ya, mohon feed back', '2014-12-10', ''),
(65, 18, 'aryadi.prasetyo', 'Positioning mesin preform dan chiller sudah dilakukan', '2014-12-10', ''),
(66, 18, 'febriyant', 'OK pak Semoga Next instalation akan lancar', '2014-12-10', ''),
(67, 27, 'suryanto', 'Baut untuk pemasangan tangga dan pagar pengaman belum ada,,sudah dicari dalam packaging tidak diketemukan.', '2014-12-10', ''),
(68, 33, 'suryanto', 'salah satu penyebab kurang stabilnya SN 1500 adalah Mandrel yang aus,, karna mandrel yang terbaik sudah dipilih duluan untuk jalan di mesin FD. Saat ini masih proses pemesanan maindrel tersebut,,', '2014-12-10', ''),
(69, 34, 'suryanto', 'update info lagi mbak mayang,, tekhnisi Boge belum bisa dipastikan jam kedatanganya. kemungkinan kalau sampai disini kamis sore, service kompresor akan dilakukan hari jumat pagi. untuk info update lagi akan saya pantau tekhnisinya mbak. ', '2014-12-10', ''),
(70, 34, 'suryanto', 'untuk mesin BD shift 3 akan run lagi setelah ganti seal compensate', '2014-12-10', ''),
(71, 17, 'arif.yusrian', 'klw dari hasil laporan yg saya terima, untuk penginputan di oracle masih adanya perbedaan antara dgn laporan produksi. laporan produksi yg dibuat adalah sebagai pembanding yang saya pegang untuk menkroscek kebenaran saat penginputan dan blom sampai pada actual di lapangan. untuk GBJ akan membenarkan jika ada adanya kesalahan saya penginputan, biasanya kesalahan ketidak sesuaian data laporan dgn aktual di GBJ bukan kesalahan penginputan. untuk GMP, masih sering terjadi, dikarenakan mungkin masih adanya perbedaan pengambilan data yg dilakukan lap. produksi dan QA untuk pengelompokan rijek PET dan PRE. sedangkan GBB, jika terjadi kesalahan di GBJ maka akan mempengaruhi pemakaian bahan baku ', '2014-12-10', ''),
(72, 17, 'arif.yusrian', 'Laporan produksi sangat membantu, jika bener-benar dilakukan sesuai dengan yang diharapkan. Proses penginputan di oracle bisa berjalan dengan baik jika laporan tersebut menjadi pegangan saat penginputan dikarena semua yg akan diinput sudah tercantun disana. mungkin itu dulu yg saya sampaikan....terima kasih untuk semua departemen atas bantuannya.', '2014-12-10', ''),
(73, 37, 'sopuan', 'ok bu ana nanti kita bantu teruskan ke anak2 produksi non staff.', '2014-12-11', ''),
(74, 35, 'rusyda', 'Untuk reject di mesin FD paling sering terjadi adalah buram bagian leher bawah,jika dari produksi karena settingan heater yang kepanasan,tetapi kenapa selalu ada di perjamny. Apakah betul analisa dikarenakan heater???atau ada trouble yang lain . Hal ini dikarenakan reject tersebut selalu ada. Saran tuk produksi jika memang dikarenakan settingan heater yang kepanasan berikan standar berapakah settingan heater untuk mesin tsb terutama saat produksi 600 SN', '2014-12-11', ''),
(75, 14, 'anna.pratitiek', 'To Pak Sopuan, baik pak akan segera dilakukan pak, mohon bantuan untuk memilih kadidatnya berdasarkan hasil seleksi berkas ya pak.', '2014-12-11', ''),
(76, 34, 'eka.siti', 'To. Team Produksi, apakah hari ini positif akan ada perbaikan kompresor? Selama perbaikan, berapa mesin yang harus off? Jika harus mematikan salah satu mesin Aqua, mohon untuk mematikan mesin yang mempunyai persentase reject yang cukup tinggi. Sehingga kita dapat melakukan perbaikan mesin Aqua pada saat perbaikan kompresor.', '2014-12-11', ''),
(77, 37, 'eka.siti', 'Persyaratan apa yang harus mereka persiapkan? Sehingga mereka bisa menyiapkan jauh2 hari.', '2014-12-11', ''),
(78, 17, 'sopuan', 'ok pak arif untuk pengisian form laporan produksi  kita akan improve terus kekurangan sampai laporan tsb sesuai dengan harapan kita bersama , kalau ada kekurangan dalam penulisan atau yang lainnya mohon segera konfirmasikan ke saya. thanks\n', '2014-12-11', ''),
(79, 40, 'febriyant', 'jika ada yang ingin ditanyakan silakan komentar disini', '2014-12-11', ''),
(80, 16, 'rusyda', 'Untuk reject masing-masing mesin sudah di update pak per sore kemarin di agenda QC ', '2014-12-11', ''),
(81, 24, 'eka.siti', 'kita sudah mengganti karton yang lama dengan yg baru. dikhawatirkan penyok terjadi pada saat penyusunan di atas pallet atau pada saat memasukkan ke dalam box. Saat ini kita masih terus memonitor handing pada saat di area packing. Kemarin sempat ditemukan pada saat pembuatan box, operator packing tidak membentuknya secara sempurna, sehingga pada saat akan menutup box, kondisi botol menyembul dan agak sedikit dipaksa. Juga sempat ditemukan penyusununan diatas pallet yang tidak rapi terkadang menyebabkan box terjatuh pada saat ditarik ke GBJ.\nKita selalu mengingatkan ke seluruh operator gudang ataupun packing terkait hal tersebut.', '2014-12-11', ''),
(82, 25, 'rusyda', 'Iya pak,saya sudah komunikasi by bbm tp blm ada tanggapan,ditelp jg tidak diangkat. Mungkin dikarenakan Bandung sedang Audit FSSC. Akan terus saya tanyakan ke pihak bu santi maupun mb rina nya agar kita dapt kejelasan kapan planning tuk produksi PET tanpa RPET nya.', '2014-12-11', ''),
(83, 40, 'aryadi.prasetyo', 'feb kapan EAM kita giatkan kembali sepertinya musti refresh ulang nih terkait EAM karena pasti akan ada keterkaitan dgn issue Febri di atas', '2014-12-11', ''),
(84, 26, 'aryadi.prasetyo', 'Feb tolong di list departemen mana aja yg udah ada modulnya beserta nama modulnya, dan untuk departemen yg belum ada kita meetingkan dgn departemen terkait spy bisa dibuat frame time waktunya', '2014-12-11', ''),
(85, 39, 'agus.susanto', 'Sehubungan kemarin ada pembongkaran packing mesin yang mana kayu/triplek berserakan mohon kepada Dept.Produksi untuk merapikan area gudang (khususnya depan bahan baku galon),atau menanyakan pada pihak terkait untuk masalah " di letakkan dimana " kayu/triplek tersebut.\n', '2014-12-11', ''),
(86, 39, 'herman.kurniawan', 'triplek diletakkan di atas kantor Sparepart ...\nkayu2 bekas bongkar Drayer sudah dibereskan .', '2014-12-11', ''),
(87, 22, 'mayangsari.agustina', 'info stok resin per sekarang  5,867.43 kg, dan bila sesuai stok hanya ada 15 mobil, stok real sekarang 21 mobil, kita ada kelebihan resin di GBJ sebesar 6 mobil 2323.44 kg dan tidak ada resin di GBB kita. mohon info pak, sampai kapan kita bisa terus produksi??mengingat belum ada jadwal kedatangan resin untuk NSP Lampung..dikhawatirkan akan minus di laporan rekonsile nya dan akan jadi bahan pertanyaan untuk tim aqua\n', '2014-12-11', ''),
(88, 17, 'aryadi.prasetyo', 'To Sopuan,Wayan,Rusyda,Titi,Mayang, Arif, Herman, Agus,Ardi,Febri : saya minta kalian tiap hari adakan meeting evaluasi atas apa corrective action dari issuenya Arif supaya kita bisa me-monitor apakah input data sudah benar2 dilakukan dengan mekanisme yg benar atau belum karena Arif saya minta terus mencantumkan issue terkait Data tiap hari dan saya anggap close klo dari Arif sudah tidak ada lagi issue, Hari ini saya minta kalian meeting utk corrective action besok jadi utk hari esok saya akan monitor apakah ada progress atau tidak dari solusi kalian, maksud saya semua action dari @depart cantumkan dengan jelas di issue ini jadi kita progress bareng2 hari esoknya,thx', '2014-12-11', ''),
(89, 24, 'aryadi.prasetyo', 'Ok mbak Titi terus disosialisasikan WI terkait handling di atas karena banyaknya orang2 baru saat ini', '2014-12-11', ''),
(90, 25, 'aryadi.prasetyo', 'saat ini Bandung lagi Audit FSSC selama 3 hari, hari ini adalah hari kedua, dan besok Jumat hari terakhir sepertinya mereka sibuk kemungkinan mereka akan action minggu depan', '2014-12-11', ''),
(91, 31, 'aryadi.prasetyo', 'To Sopuan : saya minta action dan progress anda terkait rejek yang terjadi di BD8 supaya kita bisa lihat action perbaikan produksi per harinya apakah rejek itu bisa turun atau tidak sehingga bisa dikejar sampai root cause permasalahannya', '2014-12-11', ''),
(92, 32, 'aryadi.prasetyo', 'To Sopuan : sama dengan mesin BD8 saya minta progress perbaikan mesinnya utk mengatasi rejek mesin di atas', '2014-12-11', ''),
(93, 33, 'aryadi.prasetyo', 'Sur sy sudah kirimkan gambar mandrell shortneck ke kenalan bengkel saya di Bandung Pak Faizin, anda coba hubungi beliau untuk detailnya ', '2014-12-11', ''),
(94, 41, 'aryadi.prasetyo', 'To Sopuan : sama dengan permasalahan mesin yang lain, saya minta progress corrective actionnya karena mesin LS1 continue berjalan', '2014-12-11', ''),
(95, 36, 'aryadi.prasetyo', 'ayo bagi temen2 yang belum daftar cepetan yah', '2014-12-11', ''),
(96, 37, 'aryadi.prasetyo', 'To Anna tolong anda buatkan sosialisasi dulu dengan kepala departemen dalam meeting baru buatkan pengumuman terkait NPWP ini setelah itu adakan sosialisasi dengan karyawan', '2014-12-11', ''),
(97, 38, 'aryadi.prasetyo', 'To anna share aja dulu yang punya Bandung untuk gambaran dan meetingkan dengan temen2', '2014-12-11', ''),
(98, 22, 'aryadi.prasetyo', 'To mayang/titi/agus/herman : menurut saya produksi sih tetap jalan terus cuma kita komunikasikan dgn bu Eno karena logika saya kalo bahan aqua habis ya gak ada yg direconsale karena virginnya ga ada, masalah ada preform dan botol berlebih itu kan buffer pakai barang kita pakai virgin kita, nah asumsi inilah yg kita komunikasikan ke bu Eno apakah alasannya relevan atau tidak', '2014-12-11', ''),
(99, 23, 'aryadi.prasetyo', 'saya kejar dryer selesai di minggu ini sehingga minggu depan proses ayak bisa normal kembali', '2014-12-11', ''),
(100, 34, 'aryadi.prasetyo', 'To Sopuan : tolong anda concern atas comment saya di issue rejek di QA agenda supaya saya bisa lihat masalah rejek ada penurunan tidak besok hari Jumat', '2014-12-11', ''),
(101, 21, 'aryadi.prasetyo', 'ok makasih Iin atas supportnya karena compressor yg kita pinjam mau diambil oleh Kumala Prima jadi saya kejarin perbaikan oil cooler yg di Jakarta, tolong up date yah perkembangannya', '2014-12-11', ''),
(102, 27, 'aryadi.prasetyo', 'To Sopuan/Sur : tolong anda telpon surabaya terkait kekurangan2 pengiriman siapa tahu tertinggal di sana ', '2014-12-11', ''),
(103, 28, 'aryadi.prasetyo', 'To Sopuan / Sur : gimana up date neckring karena hari ini mau jalan', '2014-12-11', ''),
(104, 30, 'aryadi.prasetyo', 'ya pasti mereka menginginkan begitu karena harga di PO lama jauh di bawah harga sekarang ', '2014-12-11', ''),
(105, 18, 'aryadi.prasetyo', 'to Anna : saya cenderung kebersihan oleh ISS tapi cuma 1 orang non shift, tapi kalo acces control saya liat sepertinya tidak perlu hanya perlu tanggung jawab dari kepala shift yg bertugas', '2014-12-11', ''),
(106, 19, 'aryadi.prasetyo', 'Gambar molding sudah saya kirimkan by email ke wayan, sopuan, sur', '2014-12-11', ''),
(107, 38, 'uka', 'Finally bakal dapet seragam baru juga yah kita, \njadi seragam kita akan mengacu ke bandung atau desain sendiri nih keputusannya', '2014-12-11', ''),
(108, 14, 'uka', 'itu penambahan orang di maintanance masuk budget 2015 gak, \nAnalisa loading jobnya sudah ada?', '2014-12-11', ''),
(109, 19, 'uka', 'oh ya kalo sudah fix dan akan di buat di AKP, mohon CC nya yah kalo email pak dani, cos mau minta penawaran ke AKP', '2014-12-11', ''),
(110, 42, 'febriyant', 'ok pak saat meeting dengan mas arif terkait dengan issue keakuratan data sistem akan saya sampaikan.', '2014-12-11', ''),
(111, 28, 'suryanto', 'neckring sudah siap di pasang, masih menunggu order FM 600 SN leher panjang,, target siang ini selesai pak. akan di update lagi hasil botol FM 330 SN', '2014-12-11', ''),
(112, 33, 'suryanto', 'Oke pak, minta alamat beliau pak rencana akan saya kirim contoh mandrel dan preformnya', '2014-12-11', ''),
(113, 17, 'febriyant', 'Mewakilkan semuanya dari hasil meeting tadi, ada beberapa point yang masih harus diperbaiki \n1. persamaan persepsi untuk product reject (mana yang reject botol / mana yang reject preform)\n\n2. penginputan oracle harus berdasarkan form yang sudah di standarkan. (dalam hal ini masih ada kshift yang menginput data berdasarkan kertas kopelan / bukan form standart)\n\n#1', '2014-12-11', ''),
(114, 17, 'febriyant', '#2\n3. sisa penggunaan preform yang masih utuh (berupa kemasan utuh tidak eceran) harus segera di kembalikan ke GBB agar tidak on hand yang menumpuk diproduksi (prefrom yang sudah tidak akan dipakai produksi kembali)\n\n4. Data reject release juga harus masuk dalam hitungan (selama ini masih ada product reject release yang tidak terinput / tercatat)', '2014-12-11', ''),
(115, 17, 'febriyant', 'Untuk produksi gallon,\njika data ingin akurat team produksi gallon harus di tertibkan kembali dari mulai pemakaian bahan baku, dari mulai plastik sampai dengan bahan baku inti ( virgin , aval, regraind, master batch).', '2014-12-11', ''),
(116, 17, 'febriyant', 'hasil produksi gallon juga harus tertib administrasi di mana semua product output gallon ( finish good, reject, gilingan kuping, flashing dan material kurasan) harus tercatat dengan rapih.\nkarena data tersebut di gunakan untuk pencatatan bahan baku jika motan bermasalah.', '2014-12-11', ''),
(117, 42, 'febriyant', 'hasil meeting hari ini untuk proses oracle sudah ada kesepakatan dari mulai dept. produksi, Supply chain, dan juga QA detail nya akan saya email kan berupa flowchart sederhana agar lebih mudah memahaminya,\n\nada beberapa catatan untuk produksi dan team , untuk tertib administratsi segera lakukan permintaan data untuk routing berdasarkan mesin yang datang sesuai dengan email yang dikirim oleh pak ujang.', '2014-12-11', ''),
(118, 42, 'febriyant', 'agar saat proses produksi bisa langsung di tertibkan di oracle,\nuntuk mekanisme proses produksi bisa koordinasi dengan plant lain, atau minta video berupa rekaman saat proses produksi\n\ndemikian informasinya terupdatenya', '2014-12-11', ''),
(119, 16, 'mayangsari.agustina', 'untuk info, sampai dengan 11 Desember 2014 shift 1, production achievment untuk mesin BD= 24.77%, GD8=29.37%, ED= 4.13%, FD = 24.91% dan LS = 29.04%. ', '2014-12-11', ''),
(120, 31, 'sopuan', 'PA mesin BD8 shift 1,2 tgl 10/14:90,3%\nriject :1,72% \nuntuk issue  tsbkami sudah menganalisa dan melakukan tindakan perbaikan, \naction yg sudah kita lakukan:  melakukan perbaikan pada bagian streching karena bagain tsb setelah kami check ada as streching yg tinggi nya tidak sama yaitu pada cavity 17  kemudaian ada as streching yg benggkok pada cavity 19. kemudian sudah koordinasikan ke semua kepala shift agar konsen terhadap issue tsb. mari kita pantau perkembangan terkait issue tsb apakah ada penurunan atau belum.', '2014-12-11', ''),
(121, 31, 'sopuan', 'to QA dept: coba di check kembali untuk issue reject out of center cavity berapa saja apakah masih sm dengan yg kemaren2 atau beda cavity, data tsb sangat membantu kami dalam melakukan analisa dan perbaikan. thx', '2014-12-11', ''),
(122, 37, 'anna.pratitiek', 'To Bu Titi : persyaratannya foto copy KTP  dan pengisian formulir pendaftaran wajib pajak orang pribadi mbak, itu saja syaratnya kemudian calon wajib pajak bisa datang ke kantor pajak sesuai kecamatan yang tertera pada KTPnya masing2 untuk mendaftarkannya. untuk yang kecamatan Teluk betung formulirnya Anna sudah siapkan bu.\n\nTo Pak Ari : baik pak', '2014-12-11', ''),
(123, 38, 'anna.pratitiek', 'To Pak Febri : Mohon bantuannya yah pak febri untuk upload gambar seragamnya Bandung.\nTo Pak Ari : Baik pak nanti akan di share gambar untuk seragam Bandung. \nTo Mb Uka : Untuk design sebenanrnya kita bebas untuk nentuiin ga tepusat ama Bandung, cuman sebagai contoh ajah nanti mau nampilin gamabar seragam Bandung. Untuk hasil akhir mengenai design dan warna sesuai dengan kesepakatan kita bersama.', '2014-12-11', ''),
(124, 18, 'anna.pratitiek', 'Baik Pak, ditunggu infonya untuk mengundang Pak Budi ISS mensurvei lokasinya agar dapat melihat penawarannya pak.', '2014-12-11', ''),
(125, 31, 'aryadi.prasetyo', 'Ok Saya terus monitor perkembangan dari hasil perbaikan yg dilakukan dengan melihat penurunan rejeknya', '2014-12-11', ''),
(126, 17, 'febriyant', 'tambahan sedikit jadi secara kesluruhan untuk keakuratan data produksi sudah 80% - 85% untuk sisanya ada pada catatan di atas. untuk mencukupi 100%', '2014-12-11', ''),
(127, 14, 'anna.pratitiek', 'Sudah masuk budget 2015, sebenarnya Op MTC ini diambil dari jumlah Man Powernya (MP) Untuk kebutuhan mesin preform pada jabatan Helper Produksi yang berjumlah 4 orang, jadi selama mesin preform belum beroperasional untuk sementara MP Helper Produksi dipinjam 1 orang untuk menjadi OP MTC. Untuk loading job nya pak sopuan akan memaparkannya. ', '2014-12-11', ''),
(128, 32, 'sopuan', 'PA GD8 shift 1,2 dan 3 tgl 10/14 :89%\nreject:1,7% \n kami sudah menganalisa penyebab terjadinya rejct tsb dan melakukan perbaikan pada mesin GD8 reject terkena heater penyebabnya krn ada sensor pada push A ada yg rusak sehingga mesin sering alarm, yg mengakibat kan preform yg ada di mandrell gosong. ', '2014-12-11', ''),
(129, 31, 'rusyda', 'Jika dilihat reject Shift 1 tgl 11 Desember 14 terdapat \n1. Rambut/logo ( 571) \n2. Buram (229) \n3. Out Off Center (170) \n4. Terkena Heater (104) \n5. Deformasi (20) \nTotal persen reject dari Shift 1 adalah 13.9 %. Untuk % reject tsb sudah melampaui dari standar yang diberikan. Jika Dilhat pencapaian hasilnyapun tidak optimal dikarenakan 4 jam mati dan output bagus hanya 23 box (6900)\nUntuk kondisi Out Off Center sering ditemukan di cavity 17,19,23 dan 24 .\n\nUntuk Shift 2 tgl 11 Desember 2014 terdapat\n1. Buram (315) intensitas buram selalu terjadi perjam diarea bottom dan di cavity 18 dan 24 mendominasi\n2. Out Off Center (275) perjam selalu terjadi dan dicavity 17,19,23 dan 24\n3. Preform Kotor (28) dikarenakan move B tidak tepat saat mengambil preform dan terjatuh ke kolong mesin\n4. Botol Kotor Oli (25)  saat botol sudah diblow dan bergeser ke move A, botol terjatuh dan masuk ke kolong/mesin\n5. Deformasi (17) \nTotal persen reject shift 2 adalah 4,31 % dengan hasil bagusnya hanya 50 box\nMohon untuk produksi kenapa Buram dan Out Off Center terjadi peningkatan secara kuantity dari shift1 ke shift 2. Apakah perbaikan yang dilakukan sudah optimal ke akar masalahnya???dan di Shift 2 hari ini terdapat reject baru yang muncul yaitu kondisi produk yang kotor karena jatuh ke kolong mesin. Adakah yang harus diperbaiki untuk Move A dan Move B nya sehingga reject tsb bisa diminimalisir dan tidak mnjdi tambahan reject baru', '2014-12-11', ''),
(130, 31, 'rusyda', 'Untuk Shift 2 tgl 11 Desember 2014 terdapat 1. Buram (315) intensitas buram selalu terjadi perjam diarea bottom dan di cavity 18 dan 24 mendominasi 2. Out Off Center (275) perjam selalu terjadi dan dicavity 17,19,23 dan 24 3. Preform Kotor (28) dikarenakan move B tidak tepat saat mengambil preform dan terjatuh ke kolong mesin 4. Botol Kotor Oli (25) saat botol sudah diblow dan bergeser ke move A, botol terjatuh dan masuk ke kolong/mesin 5. Deformasi (17) Total persen reject shift 2 adalah 4,31 % dengan hasil bagusnya hanya 50 box Mohon untuk produksi kenapa Buram dan Out Off Center terjadi peningkatan secara kuantity dari shift1 ke shift 2. Apakah perbaikan yang dilakukan sudah optimal ke akar masalahnya???dan di Shift 2 hari ini terdapat reject baru yang muncul yaitu kondisi produk yang kotor karena jatuh ke kolong mesin. Adakah yang harus diperbaiki untuk Move A dan Move B nya sehingga reject tsb bisa diminimalisir dan tidak mnjdi tambahan reject baru', '2014-12-11', ''),
(131, 31, 'rusyda', 'Untuk Shift 2 tgl 11 Desember 2014 terdapat 1. Buram (315) intensitas buram selalu terjadi perjam diarea bottom dan di cavity 18 dan 24 mendominasi 2. Out Off Center (275) perjam selalu terjadi dan dicavity 17,19,23 dan 24 3. Preform Kotor (28) dikarenakan move B tidak tepat saat mengambil preform dan terjatuh ke kolong mesin 4. Botol Kotor Oli (25) saat botol sudah diblow dan bergeser ke move A, botol terjatuh dan masuk ke kolong/mesin 5. Deformasi (17) Total persen reject shift 2 adalah 4,31 % dengan hasil bagusnya hanya 50 box Mohon untuk produksi kenapa Buram dan Out Off Center terjadi peningkatan secara kuantity dari shift1 ke shift 2. Apakah perbaikan yang dilakukan sudah optimal ke akar masalahnya???dan di Shift 2 hari ini terdapat reject baru yang muncul yaitu kondisi produk yang kotor karena jatuh ke kolong mesin. Adakah yang harus diperbaiki untuk Move A dan Move B nya sehingga reject tsb bisa diminimalisir dan tidak mnjdi tambahan reject baru', '2014-12-11', ''),
(132, 31, 'rusyda', 'Untuk Shift 2 tgl 11 Desember 2014 terdapat 1. Buram (315) intensitas buram selalu terjadi perjam diarea bottom dan di cavity 18 dan 24 mendominasi 2. Out Off Center (275) perjam selalu terjadi dan dicavity 17,19,23 dan 24 3. Preform Kotor (28) dikarenakan move B tidak tepat saat mengambil preform dan terjatuh ke kolong mesin 4. Botol Kotor Oli (25) saat botol sudah diblow dan bergeser ke move A, botol terjatuh dan masuk ke kolong/mesin 5. Deformasi (17) Total persen reject shift 2 adalah 4,31 % dengan hasil bagusnya hanya 50 box Mohon untuk produksi kenapa Buram dan Out Off Center terjadi peningkatan secara kuantity dari shift1 ke shift 2. Apakah perbaikan yang dilakukan sudah optimal ke akar masalahnya???dan di Shift 2 hari ini terdapat reject baru yang muncul yaitu kondisi produk yang kotor karena jatuh ke kolong mesin. Adakah yang harus diperbaiki untuk Move A dan Move B nya sehingga reject tsb bisa diminimalisir dan tidak mnjdi tambahan reject baru', '2014-12-11', ''),
(133, 32, 'rusyda', 'Untuk reject GD8 TGL 11 Des 14 terjadi peningkatan dari shift 1 ke shift 2\ndimana % reject shift 1(1,10%) sedangkan shift 2 (3.07%). Pada Shift 1 mendominasi reject 1. Terkena Heater (199) 2. Buram (79) 3. Out Off Center (52) 3. Kotor Oli (20) 4. Deformasi (17)', '2014-12-11', ''),
(134, 32, 'rusyda', 'Untuk reject GD8 TGL 11 Des 14 terjadi peningkatan dari shift 1 ke shift 2\ndimana % reject shift 1(1,10%) sedangkan shift 2 (3.07%). Pada Shift 1 mendominasi reject 1. Terkena Heater (199) 2. Buram (79) 3. Out Off Center (52) 3. Kotor Oli (20) 4. Deformasi (17)', '2014-12-11', ''),
(135, 32, 'rusyda', 'Sedangkan di Shift 2 hari ini reject meningkat dengan rincian sbb: 1. Buram (365) 2.Terkena Heater (354) 3. Deformasi (151) 4 Bergelombang (64) dan 5. Out Off Center (44) . Mohon penjelasan dari pihak produksi kenapa terjadi peningkatan reject di shift 2 ini jika dibandingkan dengan shift sebelumnya.', '2014-12-11', ''),
(136, 32, 'rusyda', 'Sedangkan di Shift 2 hari ini reject meningkat dengan rincian sbb: 1. Buram (365) 2.Terkena Heater (354) 3. Deformasi (151) 4 Bergelombang (64) dan 5. Out Off Center (44) . Mohon penjelasan dari pihak produksi kenapa terjadi peningkatan reject di shift 2 ini jika dibandingkan dengan shift sebelumnya.', '2014-12-11', ''),
(137, 18, 'iwayan.saputra', 'untuk project preforom baru 25 %\nuntuk saat ini baru sampai posision mesin', '2014-12-11', ''),
(138, 38, 'febriyant', 'berikut Gambarnya untuk seragam yang de desain dari bandung <br>\r\n', '2014-12-12', 'https://lh6.googleusercontent.com/-4M5ub9rc6YA/VIpGj8Sed1I/AAAAAAAAGEo/7F39zXag4V0/w640-h360-no/IMG_20140930_162828.jpg'),
(139, 38, 'febriyant', 'silakan di voting', '2014-12-12', ''),
(140, 38, 'febriyant', 'kalau setuju silakan komentar dengan kode seperti ini " 1" (tanpa tanda Petik)\nJika tidak setuju silakan komentar dengan kode seperti ini "-1" (tanpa tanda petik)', '2014-12-12', ''),
(141, 38, 'rusyda', 'kalo tuk yang ceweknya model gimna???', '2014-12-12', ''),
(142, 31, 'rusyda', 'Terjadi penurunan angka reject dari Shift 3 (11Desember 2014) ke Shift 1 (12Desember 2014) Dimana % Reject dari 1,06% ke angka 0,9 %\n', '2014-12-12', ''),
(143, 31, 'rusyda', 'Kriteria reject Buram pada Shift 1 hanya trjadi di 3 jam pertama (23.00- 02.00 pagi),pada jam berikutnya tidak terdapat reject buram. ', '2014-12-12', ''),
(144, 32, 'rusyda', 'Terjadi penurunan untuk angka reject dari shift 3 (11 Desember) ke Shift 1 (12 Desember 2014) dari angka persentase 2.13% ke 1.15 %', '2014-12-12', ''),
(145, 32, 'rusyda', 'Namun menjadi catatan untuk produksi di mesin GD8 reject bergelombang masih ditemukan. Untuk shift 3 intensitas bergelombang jauh lebih sering dibandingkan pada shift 1 (12des14). Reject deformasi baik Shift 3 (11des14) maupun (12des14) terjadi setiap jamnya . Dimana deformasi ini jg dapat menyebabkan reject penyok saat produksi maupun bergelombang.', '2014-12-12', ''),
(146, 32, 'rusyda', 'Namun menjadi catatan untuk produksi di mesin GD8 reject bergelombang masih ditemukan. Untuk shift 3 intensitas bergelombang jauh lebih sering dibandingkan pada shift 1 (12des14). Reject deformasi baik Shift 3 (11des14) maupun (12des14) terjadi setiap jamnya . Dimana deformasi ini jg dapat menyebabkan reject penyok saat produksi maupun bergelombang.', '2014-12-12', ''),
(147, 41, 'rusyda', 'reject mesin LS1 Terjadi penurunan dari shift 3(11des14) ke shift 1(121214) dari angka 5,73% ke 1,87%', '2014-12-12', ''),
(148, 33, 'rusyda', 'Mesin ED1 saat produksi fm 1500 LN (shift 1-121214) reject mendominasi adalah 1. Kurang/lebih material (105) intensitas kejadian dari 6 jam produksi terdapat 5x kejadian tuk hal tsb. Begitu juga untuk Out Off Center (72). % reject tuk shift 1 adalah 5,93%, dimana angka tersebut sudah melampaui std reject yang disepakati.', '2014-12-12', ''),
(149, 35, 'rusyda', 'Mesin FD selama produksi FM 330 SN (masih belum mendapatkan hasil bagus). Produksi masih mencari settingan mesin yang pas untuk produksi produk tsb. Harapannya bisa segera ditemukan settingannya mengingat stok preform yang tersedia minim dan kita dituntut untuk menggunakan nya dengan optimal.', '2014-12-12', ''),
(150, 38, 'herman.kurniawan', '1\n', '2014-12-12', ''),
(151, 38, 'rusyda', '-1...usul kl dari saya disebelah kanan lambang NSP, Sebelahnya lambang safety..di bagian belakang beri tulisan " Think SAFETY before you work". \n', '2014-12-12', ''),
(152, 38, 'rusyda', 'usulan warna seragam kita maen perpaduan 2 warna (biru tosca dipadu orange)', '2014-12-12', ''),
(153, 38, 'febriyant', 'Bisa langsung kasih contoh gambar mba rusyda untuk warna nanti akan saya masukkan gambar nya kesini, ', '2014-12-12', ''),
(154, 39, 'febriyant', 'jika naik ke atas area kantor hati2 karena banyak kabel jaringan \n', '2014-12-12', ''),
(155, 21, 'suryanto', 'oli cooler sudah diterima pihak Tunas Ruang mesin jumat siang,,', '2014-12-13', ''),
(156, 21, 'aryadi.prasetyo', 'Sur tolong telpon Bu Olva Boge dia belum kasih kabar ke saya mau pinjemin oil cooler', '2014-12-13', ''),
(157, 38, 'nurul.hafizi', 'stuju dgn mba rusda tapi untuk ka shift warna hitam ya', '2014-12-14', ''),
(158, 38, 'iwayan.saputra', 'saya ikut aj', '2014-12-15', ''),
(159, 39, 'iwayan.saputra', 'sudah tinggl yng panjng mw taruh mna', '2014-12-15', ''),
(160, 19, 'iwayan.saputra', 'oke mba', '2014-12-15', ''),
(161, 38, 'febriyant', 'kalau setuju atau tidak bisa langsung kasih vote 1 jika tidak setuju langsung kasih vote -1', '2014-12-15', ''),
(162, 20, 'iwayan.saputra', 'untuk project drayer sudah selasai tetapi masih ada masalah di mixing motan ternya mixing motang kita tidak bisa menyuplay kebutuhan drayer karna kebutuhan drayer lebih besar\njika kalau kita mau jalan galon memakai komposisi untuk saat ini belum bisa\ntetapi jika jalan satu bahan masih bisa dijalankan untuk produksi', '2014-12-15', ''),
(163, 26, 'febriyant', 'untuk modul2 oracle sudah ada  beberapa yang di share, untuk melihat - lihat modul oracle tersebut bisa di lihat di \n\nfile share -> oracle -> tutorial -> ebook tutorial', '2014-12-15', ''),
(164, 26, 'aryadi.prasetyo', 'feb kalo gitu perlu dicross check lagi ya sama departemen terkait apakah ada kekurangan atau tidak sehingga bisa dilengkapi', '2014-12-15', ''),
(165, 42, 'aryadi.prasetyo', 'to all depatrment khususnya produksi,QA,supply chain sudah mulai tanya2 dengan cabang lain terkait produksi preform dari mulai bahan baku-proses produksi-barang jadi', '2014-12-15', ''),
(166, 17, 'aryadi.prasetyo', 'To Arif : apakah sudah ada progress terkait keakuratan data produksi setelah dilakukan meeting minggu lalu', '2014-12-15', ''),
(167, 39, 'aryadi.prasetyo', 'To HRD : tolong diinfokan kepada security dan iss supaya mengingatkan kepada anak2 operator yg istirahat di luar untuk membereskan kembali bekas sampah makanan mereka karena banyak sekali sisa makanan kadang saya temukan di depan gerbang gudang eks vulkanisir sampai saya ambil picturenya', '2014-12-15', ''),
(168, 25, 'aryadi.prasetyo', 'To QA bagaimana hasil up date trial bahan 100% virgin pada preform di bandung', '2014-12-15', ''),
(169, 26, 'febriyant', 'ok pak akan saya cek untuk masing - masing modulnya', '2014-12-15', ''),
(170, 33, 'uka', 'untuk problem disebabkan mandrel harusnya dah bisa closed karena hari jumat kemarin sudah datang 4 bh mandrel yang dari indo cipta cemerlang, segera dipasang sehingga ketahuan hasil analisanya benar atau tidak penyebabnya mandrel atau ada penyebab yang lain.', '2014-12-15', ''),
(171, 36, 'uka', 'untuk masalah bpjs, apabila seseorang sudah terdaftar bpjs baik itu ikut suami atau karena terdaftar oleh keluarga, apakah masih perlu untuk didaftarkan ulang', '2014-12-15', ''),
(172, 15, 'uka', 'sepertinya lbh bagus kita potong tagihan aja pak, karena sepertinya problem mereka itu bukan hanya isue cracking saja, tapi kemungkinan besar dananya tidak ada', '2014-12-15', ''),
(173, 38, 'mertiana.andriani', '-1...warnanya terlalu gelap...bisa di coba dengan perpaduan 2 warna (hijau list putih) atau warna-warna yang lain...', '2014-12-15', ''),
(174, 38, 'febriyant', 'untuk gambar dari desain ibu rusyda, akan saya coba implementasikan\nbutuh sedikit waktu untuk mengimplementasikan nya jadi harap sabar menunggu XD', '2014-12-15', ''),
(175, 28, 'suryanto', 'berdasarkan approve dari QA, hasil neck botol FM 330 SN tidak ditemukan masalah. dengan ini issue project pembuatan neckring ini saya Close,, thanks all', '2014-12-15', '');

-- --------------------------------------------------------

--
-- Struktur dari tabel `departement`
--

CREATE TABLE IF NOT EXISTS `departement` (
  `id_dept` int(11) NOT NULL AUTO_INCREMENT,
  `dept` varchar(100) NOT NULL,
  PRIMARY KEY (`id_dept`)
) ENGINE=InnoDB  DEFAULT CHARSET=latin1 AUTO_INCREMENT=13 ;

--
-- Dumping data untuk tabel `departement`
--

INSERT INTO `departement` (`id_dept`, `dept`) VALUES
(1, 'Supply Chain'),
(2, 'Marketing'),
(3, 'IT'),
(4, 'HR'),
(5, 'Accounting'),
(6, 'Finance'),
(7, 'QA'),
(8, 'Produksi'),
(9, 'Maintenance'),
(10, 'General Manager'),
(11, 'Purchasing'),
(12, 'PPIC');

-- --------------------------------------------------------

--
-- Struktur dari tabel `detil_agenda`
--

CREATE TABLE IF NOT EXISTS `detil_agenda` (
  `id_detil` int(11) NOT NULL AUTO_INCREMENT,
  `id_agenda` int(11) NOT NULL,
  `id_user` int(11) NOT NULL,
  PRIMARY KEY (`id_detil`)
) ENGINE=InnoDB  DEFAULT CHARSET=latin1 AUTO_INCREMENT=472 ;

--
-- Dumping data untuk tabel `detil_agenda`
--

INSERT INTO `detil_agenda` (`id_detil`, `id_agenda`, `id_user`) VALUES
(66, 32, 1),
(67, 32, 3),
(68, 32, 4),
(69, 32, 5),
(70, 32, 6),
(71, 32, 7),
(72, 32, 8),
(73, 32, 9),
(74, 32, 10),
(75, 32, 11),
(76, 32, 12),
(77, 32, 13),
(78, 32, 14),
(79, 32, 15),
(80, 32, 16),
(81, 32, 17),
(82, 32, 18),
(83, 32, 19),
(84, 32, 20),
(85, 32, 21),
(86, 32, 22),
(129, 34, 1),
(130, 34, 3),
(131, 34, 4),
(132, 34, 5),
(133, 34, 6),
(134, 34, 7),
(135, 34, 8),
(136, 34, 9),
(137, 34, 10),
(138, 34, 11),
(139, 34, 12),
(140, 34, 13),
(141, 34, 14),
(142, 34, 15),
(143, 34, 16),
(144, 34, 17),
(145, 34, 18),
(146, 34, 19),
(147, 34, 20),
(148, 34, 21),
(149, 34, 22),
(171, 38, 1),
(172, 38, 3),
(173, 38, 4),
(174, 38, 5),
(175, 38, 6),
(176, 38, 7),
(177, 38, 8),
(178, 38, 9),
(179, 38, 10),
(180, 38, 11),
(181, 38, 12),
(182, 38, 13),
(183, 38, 14),
(184, 38, 15),
(185, 38, 16),
(186, 38, 17),
(187, 38, 18),
(188, 38, 19),
(189, 38, 20),
(190, 38, 21),
(191, 38, 22),
(192, 39, 3),
(193, 39, 4),
(194, 39, 21),
(195, 39, 0),
(196, 39, 0),
(197, 39, 0),
(198, 39, 0),
(199, 39, 0),
(200, 39, 0),
(201, 39, 0),
(202, 39, 0),
(203, 39, 0),
(204, 39, 0),
(205, 39, 0),
(206, 39, 0),
(207, 39, 0),
(208, 39, 0),
(209, 39, 0),
(210, 39, 0),
(211, 39, 0),
(212, 39, 0),
(255, 41, 1),
(256, 41, 3),
(257, 41, 4),
(258, 41, 5),
(259, 41, 6),
(260, 41, 7),
(261, 41, 8),
(262, 41, 9),
(263, 41, 10),
(264, 41, 11),
(265, 41, 12),
(266, 41, 13),
(267, 41, 14),
(268, 41, 15),
(269, 41, 16),
(270, 41, 17),
(271, 41, 18),
(272, 41, 19),
(273, 41, 20),
(274, 41, 21),
(275, 41, 22),
(276, 45, 1),
(277, 45, 3),
(278, 45, 4),
(279, 45, 5),
(280, 45, 6),
(281, 45, 7),
(282, 45, 8),
(283, 45, 9),
(284, 45, 10),
(285, 45, 11),
(286, 45, 12),
(287, 45, 13),
(288, 45, 14),
(289, 45, 15),
(290, 45, 16),
(291, 45, 17),
(292, 45, 18),
(293, 45, 19),
(294, 45, 20),
(295, 45, 21),
(296, 45, 22),
(297, 46, 1),
(298, 46, 3),
(299, 46, 4),
(300, 46, 5),
(301, 46, 6),
(302, 46, 7),
(303, 46, 8),
(304, 46, 9),
(305, 46, 10),
(306, 46, 11),
(307, 46, 12),
(308, 46, 13),
(309, 46, 14),
(310, 46, 15),
(311, 46, 16),
(312, 46, 17),
(313, 46, 18),
(314, 46, 19),
(315, 46, 20),
(316, 46, 21),
(317, 46, 22),
(318, 47, 1),
(319, 47, 3),
(320, 47, 4),
(321, 47, 5),
(322, 47, 6),
(323, 47, 7),
(324, 47, 8),
(325, 47, 9),
(326, 47, 10),
(327, 47, 11),
(328, 47, 12),
(329, 47, 13),
(330, 47, 14),
(331, 47, 15),
(332, 47, 16),
(333, 47, 17),
(334, 47, 18),
(335, 47, 19),
(336, 47, 20),
(337, 47, 21),
(338, 47, 22),
(339, 47, 23),
(362, 50, 1),
(363, 50, 3),
(364, 50, 4),
(365, 50, 5),
(366, 50, 6),
(367, 50, 7),
(368, 50, 8),
(369, 50, 9),
(370, 50, 10),
(371, 50, 11),
(372, 50, 12),
(373, 50, 13),
(374, 50, 14),
(375, 50, 15),
(376, 50, 16),
(377, 50, 17),
(378, 50, 18),
(379, 50, 19),
(380, 50, 20),
(381, 50, 21),
(382, 50, 22),
(383, 50, 23),
(384, 51, 1),
(385, 51, 3),
(386, 51, 4),
(387, 51, 5),
(388, 51, 6),
(389, 51, 7),
(390, 51, 8),
(391, 51, 9),
(392, 51, 10),
(393, 51, 11),
(394, 51, 12),
(395, 51, 13),
(396, 51, 14),
(397, 51, 15),
(398, 51, 16),
(399, 51, 17),
(400, 51, 18),
(401, 51, 19),
(402, 51, 20),
(403, 51, 21),
(404, 51, 22),
(405, 51, 23),
(406, 52, 1),
(407, 52, 3),
(408, 52, 4),
(409, 52, 5),
(410, 52, 6),
(411, 52, 7),
(412, 52, 8),
(413, 52, 9),
(414, 52, 10),
(415, 52, 11),
(416, 52, 12),
(417, 52, 13),
(418, 52, 14),
(419, 52, 15),
(420, 52, 16),
(421, 52, 17),
(422, 52, 18),
(423, 52, 19),
(424, 52, 20),
(425, 52, 21),
(426, 52, 22),
(427, 52, 23),
(428, 53, 1),
(429, 53, 3),
(430, 53, 4),
(431, 53, 5),
(432, 53, 6),
(433, 53, 7),
(434, 53, 8),
(435, 53, 9),
(436, 53, 10),
(437, 53, 11),
(438, 53, 12),
(439, 53, 13),
(440, 53, 14),
(441, 53, 15),
(442, 53, 16),
(443, 53, 17),
(444, 53, 18),
(445, 53, 19),
(446, 53, 20),
(447, 53, 21),
(448, 53, 22),
(449, 53, 23),
(450, 32, 24),
(451, 32, 23),
(452, 38, 24),
(453, 38, 23),
(456, 41, 23),
(457, 41, 24),
(458, 45, 23),
(459, 45, 23),
(460, 46, 23),
(461, 46, 23),
(462, 47, 23),
(463, 47, 24),
(464, 50, 23),
(465, 50, 24),
(466, 51, 23),
(467, 51, 24),
(468, 52, 23),
(469, 52, 24),
(470, 53, 23),
(471, 53, 24);

-- --------------------------------------------------------

--
-- Struktur dari tabel `issue`
--

CREATE TABLE IF NOT EXISTS `issue` (
  `id_issue` int(11) NOT NULL AUTO_INCREMENT,
  `id_agenda` int(11) NOT NULL,
  `judul_issue` varchar(200) NOT NULL,
  `komen` text,
  `date_posting` date NOT NULL,
  `pembuat` varchar(100) NOT NULL,
  `status` int(11) NOT NULL DEFAULT '20',
  PRIMARY KEY (`id_issue`)
) ENGINE=InnoDB  DEFAULT CHARSET=latin1 AUTO_INCREMENT=43 ;

--
-- Dumping data untuk tabel `issue`
--

INSERT INTO `issue` (`id_issue`, `id_agenda`, `judul_issue`, `komen`, `date_posting`, `pembuat`, `status`) VALUES
(5, 22, 'Jajal Issue', 'Kembali mencoba', '2014-12-05', 'febriyant', 20),
(6, 26, 'Issue3', 'silakan di cek', '2014-12-06', 'febriyant', 20),
(7, 26, 'Issue4', 'kembali membuat issue', '2014-12-06', 'febriyant', 20),
(9, 28, 'Project Preform', 'target instalasi IT', '2014-12-08', 'aryadi.prasetyo', 20),
(10, 29, 'test issuw', 'test', '2014-12-08', 'febriyant', 20),
(11, 29, 'test lafgi', 'ladi', '2014-12-08', 'febriyant', 20),
(12, 29, 'tst', 'asdadssa', '2014-12-08', 'febriyant', 20),
(13, 30, 'DEsign', 'design baju baRU', '2014-12-08', 'febriyant', 20),
(14, 32, 'Follow up perekrutan', 'Sudah sejauh mana lamaran yang masuk, targetan akhir Desember harus sudah ada kandidat', '2014-12-09', 'aryadi.prasetyo', 20),
(15, 39, 'Piutang Customer', 'Tolong Accounting utk share up date piutang customer utk bantu marketing mengeluarkan barang', '2014-12-09', 'aryadi.prasetyo', 20),
(16, 38, 'Production Achievement dan Reject', 'Saya minta produksi (sopuan/wayan) kalian buat Pareto Diagram Kerusakan Mesin dari data itu kalian bandingkan dgn Pareto Diagram Rejek punya QA dan kalian sudah mulai lakukan analisa korelasinya terhadap 2 Pareto Diagram tersebut serta perbaikan2 apa yang akan lakukan beserta monitoring hasilnya, saya minta berlaku untuk semua mesin, Fokuskan pada 5 besar jenis rejek yang memberikan kontribusi terhadap jumlah rejek kalian, saya minta mulai tanggal 01 Desember 2014 sudah mulai berjalan dan untuk data pareto bisa diambil dari bulan sebelumnya ', '2014-12-09', 'aryadi.prasetyo', 20),
(17, 38, 'AKURASI DATA PRODUKSI', 'Saya minta progress tertulis terkait perkembangan keakuratan data produksi', '2014-12-09', 'aryadi.prasetyo', 20),
(18, 41, 'PROJECT PREFORM', 'Minta up date terkait progress instalasi mesin Preform', '2014-12-09', 'aryadi.prasetyo', 20),
(19, 41, 'PROJECT MESIN BARU BLOW PET L4', 'Saya minta progress pembuatan molding untuk botol long neck dan short neck mesin L4', '2014-12-09', 'aryadi.prasetyo', 20),
(20, 41, 'PROJECT DRYER GALON', 'Urgent karena Dryer hari ini datang bagaimana kesiapan produksi utk instalasi dryer tersebut terkait listrik dll, karena teknisi SHINI akan datang hari Jumat sekarang 12 Desember 2014', '2014-12-09', 'aryadi.prasetyo', 20),
(21, 45, 'Pengadaan Spare Parts / Mesin', 'Saya minta progress terkait kedatangan utility kompressor high press/low press, oil cooler boge selain itu tolong kalian monitoring progressnya karena kondisi saat ini kita masih memakai utility pinjaman dari plant lain yang sewaktu2 mereka minta jika diperlukan', '2014-12-09', 'aryadi.prasetyo', 20),
(22, 46, 'RECONSALE AQUA', 'To tim SC Minta Progress kesiapan dan monitoring terkait rencana Aqua akan reconsale barang mereka', '2014-12-09', 'aryadi.prasetyo', 20),
(23, 46, 'PROGRESS AYAK REGRAIN', 'Minta monitoring pengayakan regrain galon dari total bahan yang ada sudah berapa banyak yg diayak, utk pengadaan mesin ayak coba koordinasi dgn tim MP di Bandung', '2014-12-09', 'aryadi.prasetyo', 20),
(24, 47, 'RETURN PRODUK PENYOK AQUA', 'Untuk return penyok Produk AQUA, kerangka produk sudah dibuatkan untuk masing2 produk agar menghindari handling yang terlalu banyak. Dimana sebelumnya masih menggunakan 1 kerangka produk.\r\nsampai tanggal 9 desember penyok untuk produk BD8 1276 pcs dan GD8 305. Sampling produk saat masih diarea packing tidak ditemukan. Tetapi saat sampling ougoing masih ditemukan box dengan produk sudah penyok.', '2014-12-09', 'rusyda', 20),
(25, 47, 'BLACK SPOT PREFORM 12.5 GRAM (TRIPANCA)', 'Untuk Issue Black Spot pada produk TRIPANCA 600 ml SN,dari pihak Bandung masih melakukan telusur dalam mencari solusi perbaikannya. Kemarin sudah dikirimkan ke Bandung sampel produk yang diambil dari line tripanca,menunggu improve dari pihak Bandung untuk pencegahannya agar hal ini tidak terulang .', '2014-12-09', 'rusyda', 20),
(26, 50, 'PEMBUATAN MODUL ORACLE DAN PEOPLE SOFT', 'Feb tolong buatkan modul2 Oracle yang belum untuk menunjang operasional data, anda bisa bekerjasama dengan departemen2 terkait spy mereka bisa membantu dalam pembuatan modul2 tersebut dan dimonitoring juga progressnya', '2014-12-09', 'aryadi.prasetyo', 20),
(27, 45, 'PROJECT MESIN DRYER GALON SHINI SHD 2000', 'Rencana hari rabu Hoper Dryer sudah tersusun di tempatnya, mohon bantuanya untuk memberi space area bahan baku galon gilingan (sebelah kiri mesin Daechang).\r\nKebutuhan instalasi listrik mesin dryer diharapkan sebelum hari jumat sudah selesai karena Tekhnisi Shini akan datang hari tersebut untuk comisioning.', '2014-12-09', 'suryanto', 20),
(28, 45, 'PROJECT NECKRING SN 330 FM', 'pembuatan sudah 90 persen, ada kendala kekurangpresisian pada neck segel tutup botol. pihak bengkel mengusahakan sore ini selesai.', '2014-12-10', 'suryanto', 20),
(29, 52, 'Orderan Galon', 'Setelah dryer terpasang kita akan kejar orderan WIGO 1st A 780gr ,buat sample untuk dikirim ke Jambi lalu Winro Palembang, Great, dan kemungkinan saya akan buka iklan di Koran kalo Namasindo sudah produksi galon', '2014-12-10', 'aryadi.prasetyo', 20),
(30, 52, 'Botol PET', 'Botol PET BW akan berubah menjadi short neck tolong Mayang dan Titi sudah mulai nanya2 ke Bandung terkait warna preform shortneck BW apakah ada customer selain kita atau gak', '2014-12-10', 'aryadi.prasetyo', 20),
(31, 47, 'REJECT MESIN AQUA BD8', 'Untuk kriteria reject di mesin BD8 hari Rabu dari shift 1 dan 2 didominasi oleh 1. Out Off Center (817) 2. Buram (453) 3. deformasi (89) 4. Bergelombang (22). Untuk bergelombang BD8 jika terdapat deformasi menyebabkan bergelombang. Untuk frekuensi terjadi dalam 8 jam/shift nya selalu ada Out Off Center dan Buram per jam nya. Terkena heater sampai shift 2 ini belum ada.', '2014-12-10', 'rusyda', 20),
(32, 47, 'REJECT MESIN AQUA GD8', 'Untuk reject GD8 Didominasi oleh 1. Terkena Heater (1089) 2. Buram (278) 3. Out Off Center (94) 4. deformasi (25). Untuk GD8 apabila 4 cavity nya deformasi dia tdk menyebabkan gelombang atw jika 1 cavity kosong sedangkan 3 cavity lainnya deformasi tdk menyebabkan bergelombang. berbeda hal nya dengan BD8, jika dimesin BD8 waluapun 1 cavity nya deformasi bisa menyebabkan bergelombang', '2014-12-10', 'rusyda', 20),
(33, 47, 'REJECT MESIN FM ED1', 'Untuk reject mesin ED1 (SN 1500 ml) didominasi oleh 1. Buram  (501) 2. Out Off Center (171) 3. Bottom cembung/cekung (145) 4. Deformasi (117) 5. Terkena Heater (85). Untuk menjadi catatan ke pihak Produksi bahwasanya ketika jalan mesin ED1 untuk SN 1500 ml sering terjadi trouble kurang masuk standar dari hal tinggi total botol. Mohon feedbacknya agar hal ini bisa diantisipasi.', '2014-12-10', 'rusyda', 20),
(34, 46, 'info stok botol pet 600 ml aqua dan off mesin', 'Dikarenakan stok GBJ untuk botol aqua 600 ml sudah melebihi buffer stok, diatas 22mobil, maka shift 3 tanggal 10 Desember 2014 dan shift 1 tanggal 11 Desember 2014, mesin aqua hanya running 1 mesin dan running normal (2 mesin) di shift 2 tanggal 11 Desember 2014 Untuk mesin yang di off kan, dimohon untuk tim produksi agar bisa dilakukan maintenance untuk meminimalisir reject dan downtime kerusakan mesin kedepannya', '2014-12-10', 'mayangsari.agustina', 20),
(35, 47, 'REJECT MESIN FM FD1', 'Untuk reject mesin FD1 (SN 600 ml) didominasi oleh 1. Buram (baik bagian bottom maupun bagian leher bawah) (1125) 2. Preform kotor (207) 3. Deformasi (127). ', '2014-12-10', 'rusyda', 20),
(36, 32, 'Pendaftaran BPJS Kesehatan Level Staff', 'BPJS kesehatan level staff akan didaftarkan per Bulan Januari 2015. Mohon support untuk kelengkapan data.', '2014-12-10', 'anna.pratitiek', 20),
(37, 32, 'NPWP Non Staff', 'Akan dilakukan pembuatan NPWP untuk Level non staff, NPWP akan didaftarkan secara langsung bagi individu tenaga kerja yang bersangkutan. Mohon bantuan dept. Head untuk bantu sosialisasi.', '2014-12-10', 'anna.pratitiek', 20),
(38, 32, 'Seragam Staff 2015', 'Akan dilakukan pembuatan seragam untuk staff ditahun 2015 ini. mohon saran mengenai design dan warnanya.', '2014-12-10', 'anna.pratitiek', 20),
(39, 38, 'KEBERSIHAN DAN KERAPIAN DI AREA MESIN PRODUKSI', 'terkait masalah kebersihan dan kerapian khusus nya di area mesin produksi dan umum nya dilingkungan kerja kita bersama, kami team produksi saat ini masih konsen terhadap issue tersebut dimohon kepada semua departement yg ada di namasindo lampung agar pro aktif terhadap issue tsb. mohon kita pantau bersama terkait maslah tsb dan kami  tunggu masukan dan saran dari rekan2 semua.thanks', '2014-12-10', 'sopuan', 20),
(40, 50, 'Manage Enggine Service Desk', 'Untuk melakukan permintaan perbaikan terkait kerusakan hardware, software komputer dan Error Oracle bisa dilakukan di http://servicedesk.grahaplas.com:1010/ \r\natau bisa Melalui menu Public Service -> IT Support -> IT Helpdesk', '2014-12-11', 'febriyant', 20),
(41, 47, 'REJECT MESIN FM LS1', 'Untuk di mesin LS1 Reject per tanggal 10 des 14 di dominasi Oleh 1. Raw Material yang Oval (97) 2. preform kotor (92) 3. Bubble (71). Mohon Untuk produksi preform kotor yang dikarenakan berjatuhan apakah perlu dibuatkan penampung sementara untuk menampung preform yang berjatuhan di area mesin (jika perbaikan belum diadakan). Tetapi alangkah lebih baiknya jika permaslahan tersebut diselesaikan akar masalahnya. ', '2014-12-11', 'rusyda', 20),
(42, 50, 'ORACLE DI NSP SITE 2', 'Feb tolong agendakan meeting terkait mekanisme oracle di NSP site 2, nanti kita bandingkan antara prosedur dari bu Titin dgn realisasi di lapangan', '2014-12-11', 'aryadi.prasetyo', 20);

-- --------------------------------------------------------

--
-- Struktur dari tabel `jabatan`
--

CREATE TABLE IF NOT EXISTS `jabatan` (
  `id_jabatan` int(11) NOT NULL AUTO_INCREMENT,
  `desc` varchar(100) NOT NULL,
  PRIMARY KEY (`id_jabatan`)
) ENGINE=InnoDB  DEFAULT CHARSET=latin1 AUTO_INCREMENT=6 ;

--
-- Dumping data untuk tabel `jabatan`
--

INSERT INTO `jabatan` (`id_jabatan`, `desc`) VALUES
(1, 'General Manager'),
(2, 'Kepala Bagian'),
(3, 'Superviser'),
(4, 'Staff'),
(5, 'Manager');

-- --------------------------------------------------------

--
-- Struktur dari tabel `users`
--

CREATE TABLE IF NOT EXISTS `users` (
  `id_user` int(11) NOT NULL AUTO_INCREMENT,
  `username` varchar(100) NOT NULL,
  `password` varchar(200) NOT NULL,
  `nm_lengkap` varchar(200) NOT NULL,
  `email` varchar(200) NOT NULL,
  `id_jabatan` int(11) NOT NULL,
  `id_dept` int(11) NOT NULL,
  `foto` varchar(500) NOT NULL DEFAULT '../asset/img/user60.svg',
  `level` varchar(100) NOT NULL DEFAULT 'user',
  PRIMARY KEY (`id_user`)
) ENGINE=InnoDB  DEFAULT CHARSET=latin1 AUTO_INCREMENT=25 ;

--
-- Dumping data untuk tabel `users`
--

INSERT INTO `users` (`id_user`, `username`, `password`, `nm_lengkap`, `email`, `id_jabatan`, `id_dept`, `foto`, `level`) VALUES
(1, 'febriyant', 'febr11yant', 'febriyant abidin', 'febriyant.abidin@namasindoplas.com', 4, 3, '../asset/img/user60.svg', 'user'),
(3, 'aryadi.prasetyo', '123456', 'Aryadi Prasetyo', 'aryadi.prasetyo@namasindoplas.com', 1, 10, '../asset/img/user60.svg', 'user'),
(4, 'eka.siti', '123456', 'Eka Siti Hazar', 'eka.siti@namasindoplas.com', 3, 1, '../asset/img/user60.svg', 'user'),
(5, 'iwayan.saputra', '123456', 'I Wayan Saputra', 'iwayan.saputra@namsindoplas.com', 3, 8, '../asset/img/user60.svg', 'user'),
(6, 'agus.susanto', '123456', 'Agus Susanto', 'agus.susanto@namasindoplas.com', 4, 1, '../asset/img/user60.svg', 'user'),
(7, 'anna.pratitiek', '123456', 'anna pratitiek', 'anna.pratitiek@namasindoplas.com', 4, 4, '../asset/img/user60.svg', 'user'),
(8, 'arif.yusrian', '123456', 'arif yusrian', 'arif.yusrian@namasindoplas.com', 4, 8, '../asset/img/user60.svg', 'user'),
(9, 'dian.nopita', '123456', 'dian nofita', 'dian.nopita@namasindoplas.com', 4, 7, '../asset/img/user60.svg', 'user'),
(10, 'agus.wicaksono', '123456', 'Dwi Agus Wicaksono', 'agus.wicaksono@namasindoplas.com', 4, 8, '../asset/img/user60.svg', 'user'),
(11, 'iin.septianasri', '123456', 'iin septianasari', 'iin.septianasri@namasindoplas.com', 4, 5, '../asset/img/user60.svg', 'user'),
(12, 'mayangsari.agustina', '123456', 'Mayangsari Agustina', 'mayangsari.agustina@namasindoplas.com', 4, 12, '../asset/img/user60.svg', 'user'),
(13, 'mertiana.andriani', '123456', 'Mertiana Andriani', 'mertiana.andriani@namasindoplas.com', 4, 7, '../asset/img/user60.svg', 'user'),
(14, 'muklis.suryadi', '123456', 'Muklis Suryadi', 'muklis.suryadi@namasindoplas.com', 4, 8, '../asset/img/user60.svg', 'user'),
(15, 'nurul.hafizi', '123456', 'Nurul Hafizi', 'nurul.hafizi@namasindoplas.com', 4, 8, '../asset/img/user60.svg', 'user'),
(16, 'risdiansyah', '123456', 'Risdiansyah', 'risdiansyah@namasindoplas.com', 4, 8, '../asset/img/user60.svg', 'user'),
(17, 'rusyda', '123456', 'Rusyda Ulfa Aryani', 'rusyda@namasindoplas.com', 3, 7, '../asset/img/user60.svg', 'user'),
(18, 'siti.maryana', '123456', 'Siti Maryana', 'siti.maryana@namasindoplas.com', 4, 7, '../asset/img/user60.svg', 'user'),
(19, 'sopuan', '123456', 'Sopuan', 'sopuan@namasindoplas.com', 3, 8, '../asset/img/user60.svg', 'user'),
(20, 'suryanto', '123456', 'Suryanto', 'suryanto@namasindoplas.com', 4, 8, '../asset/img/user60.svg', 'user'),
(21, 'uka', '123456', 'Mukarromah', 'uka@namasindoplas.com', 2, 5, '../asset/img/user60.svg', 'user'),
(22, 'firman.aryadi', '123456', 'Firman Aryadi', 'firman.aryadi@namasindoplas.com', 4, 7, '../asset/img/user60.svg', 'user'),
(23, 'ardi.iswanto', '123456', 'Ardi Iswanto', 'ardi.iswanto@namasindoplas.com', 4, 1, '../asset/img/user60.svg', 'user'),
(24, 'herman.kurniawan', '123456', 'Herman Kurniawan', 'herman.kurniawan@namasindoplas.com', 4, 1, '../asset/img/user60.svg', 'user');

/*!40101 SET CHARACTER_SET_CLIENT=@OLD_CHARACTER_SET_CLIENT */;
/*!40101 SET CHARACTER_SET_RESULTS=@OLD_CHARACTER_SET_RESULTS */;
/*!40101 SET COLLATION_CONNECTION=@OLD_COLLATION_CONNECTION */;
